schema_version,scenario,ok,oom,error,framework,framework_version,trainer_style,verified_real_framework,customer_workload_fingerprint,family,model_arch,precision,precision_bytes,batch_size,seq_len,image_size,hidden_size,layers,heads,optimizer,activation_checkpointing,gradient_accumulation_steps,requested_gpu_type,requested_gpu_count,input_pipeline,dataloader_sleep_ms,sample_interval_seconds,reserve_extra_mib,param_count,param_count_m,activation_units_m,tokens_or_pixels,steps_requested,steps_completed,elapsed_seconds,samples_per_second,gpu_sku_label,gpu_name,gpu_total_mib,gpu_total_gib,nvidia_smi_peak_used_mib,peak_vram_fraction,oom_risk_label,torch_peak_allocated_mib,torch_peak_reserved_mib,max_gpu_util_pct,max_power_w,max_temp_c,sample_count,image,image_digest,command_hash,manifest_hash,kubernetes_namespace,kubernetes_job,kubernetes_pod,raw_log,collected_at_unix
1,smoke-mlp,True,False,,pytorch,2.5.1+cu124,,,,mlp,,fp32,4.0,64,256,,1024,4,,adamw,False,,rtx-4090,1,,,,,2624768,2.624768,67.108864,16384.0,4,4,1.1270389556884766,227.14387884100844,rtx-4090,NVIDIA GeForce RTX 4090,24563,23.99,2021,0.08227822334405406,False,66,94,10,57.19,50,4,pytorch/pytorch:2.5.1-cuda12.4-cudnn9-runtime,docker.io/pytorch/pytorch@sha256:c8268a92a69bd500f8be0e665b2630ee006dadaf7bfbc24249141b15ff622755,3b847d7ff2e8a42d768204348ecd7b18d0f6dd9cffb4aca5ec65da6b5ca7957c,9f6f041edb0f094fc9367830758f17bc7e8a557c000b23bab4a24f94b9933a1f,default,ksolver-vram-smoke-mlp,ksolver-vram-smoke-mlp-r8b2n,data/raw/1783084932-smoke-mlp.log,1783084932
1,smoke-mlp,True,False,,pytorch,2.5.1+cu124,,,,mlp,,fp32,4.0,64,256,,1024,4,,adamw,False,,rtx-4090,1,,,,,2624768,2.624768,67.108864,16384.0,4,4,1.0910563468933105,234.63499454353394,rtx-4090,NVIDIA GeForce RTX 4090,24563,23.99,1945,0.07918413874526727,False,66,94,7,53.67,50,4,pytorch/pytorch:2.5.1-cuda12.4-cudnn9-runtime,docker.io/pytorch/pytorch@sha256:c8268a92a69bd500f8be0e665b2630ee006dadaf7bfbc24249141b15ff622755,3b847d7ff2e8a42d768204348ecd7b18d0f6dd9cffb4aca5ec65da6b5ca7957c,9f6f041edb0f094fc9367830758f17bc7e8a557c000b23bab4a24f94b9933a1f,default,ksolver-vram-smoke-mlp,ksolver-vram-smoke-mlp-jxt2m,data/raw/1783084952-smoke-mlp.log,1783084952
1,transformer-small-fp32,True,False,,pytorch,2.5.1+cu124,,,,transformer,,fp32,4.0,4,512,,768,6,12,adamw,False,,rtx-4090,1,,,,,91711232,91.711232,9.437184,2048.0,5,5,1.7549002170562744,11.396659368786585,rtx-4090,NVIDIA GeForce RTX 4090,24563,23.99,4901,0.19952774498229045,False,2685,2974,75,117.52,56,7,pytorch/pytorch:2.5.1-cuda12.4-cudnn9-runtime,docker.io/pytorch/pytorch@sha256:c8268a92a69bd500f8be0e665b2630ee006dadaf7bfbc24249141b15ff622755,3b847d7ff2e8a42d768204348ecd7b18d0f6dd9cffb4aca5ec65da6b5ca7957c,5f1674ee4e09e4890ff95bee27810193e78736ec2bbc408de49fe9fec9877d48,default,ksolver-vram-transformer-small-fp32,ksolver-vram-transformer-small-fp32-9jhb7,data/raw/1783084959-transformer-small-fp32.log,1783084959
1,transformer-small-fp16,True,False,,pytorch,2.5.1+cu124,,,,transformer,,fp16,2.0,8,512,,768,6,12,adamw,False,,rtx-4090,1,,,,,91711232,91.711232,18.874368,4096.0,5,5,1.7287812232971191,23.137687673233913,rtx-4090,NVIDIA GeForce RTX 4090,24563,23.99,4257,0.17330944917151814,False,2128,2324,62,93.1,52,7,pytorch/pytorch:2.5.1-cuda12.4-cudnn9-runtime,docker.io/pytorch/pytorch@sha256:c8268a92a69bd500f8be0e665b2630ee006dadaf7bfbc24249141b15ff622755,3b847d7ff2e8a42d768204348ecd7b18d0f6dd9cffb4aca5ec65da6b5ca7957c,15ea693d92f5d892f4ab26ffd1bbc531d049fc2de0bff57510413f2fdfdba5da,default,ksolver-vram-transformer-small-fp16,ksolver-vram-transformer-small-fp16-qxzw6,data/raw/1783084966-transformer-small-fp16.log,1783084966
1,transformer-longseq-fp16,True,False,,pytorch,2.5.1+cu124,,,,transformer,,fp16,2.0,2,2048,,1024,8,16,adamw,False,,rtx-4090,1,,,,,166337792,166.337792,33.554432,4096.0,4,4,1.971827745437622,4.057149524602364,rtx-4090,NVIDIA GeForce RTX 4090,24563,23.99,5133,0.2089728453364817,False,3002,3200,52,90.32,50,8,pytorch/pytorch:2.5.1-cuda12.4-cudnn9-runtime,docker.io/pytorch/pytorch@sha256:c8268a92a69bd500f8be0e665b2630ee006dadaf7bfbc24249141b15ff622755,3b847d7ff2e8a42d768204348ecd7b18d0f6dd9cffb4aca5ec65da6b5ca7957c,5325fe8877d156844a422390733de72c14c3ca8cb08d51a78df2a2d35bc8c8b2,default,ksolver-vram-transformer-longseq-fp16,ksolver-vram-transformer-longseq-fp16-pgh7l,data/raw/1783084973-transformer-longseq-fp16.log,1783084973
1,transformer-checkpointed-fp16,True,False,,pytorch,2.5.1+cu124,,,,transformer,,fp16,2.0,4,2048,,1024,8,16,adamw,True,,rtx-4090,1,,,,,166337792,166.337792,67.108864,8192.0,4,4,2.2621023654937744,7.0730662962316915,rtx-4090,NVIDIA GeForce RTX 4090,24563,23.99,5605,0.22818873916052598,False,3112,3672,78,153.23,58,9,pytorch/pytorch:2.5.1-cuda12.4-cudnn9-runtime,docker.io/pytorch/pytorch@sha256:c8268a92a69bd500f8be0e665b2630ee006dadaf7bfbc24249141b15ff622755,3b847d7ff2e8a42d768204348ecd7b18d0f6dd9cffb4aca5ec65da6b5ca7957c,36186c5399376e8c50a487756c9beedb9fbe77c8e2de8ab9850998729c5db1f5,default,ksolver-vram-transformer-checkpointed-fp16,ksolver-vram-transformer-checkpointed-fp16-xfjv9,data/raw/1783084981-transformer-checkpointed-fp16.log,1783084981
1,cnn-vision-fp32,True,False,,pytorch,2.5.1+cu124,,,,cnn,,fp32,4.0,32,,224,128,10,,sgd,False,,rtx-4090,1,,,,,38328,0.038328,16.05632,1605632.0,5,5,1.5455877780914307,103.52048733044204,rtx-4090,NVIDIA GeForce RTX 4090,24563,23.99,3425,0.1394373651426943,False,1310,1494,15,80.9,49,6,pytorch/pytorch:2.5.1-cuda12.4-cudnn9-runtime,docker.io/pytorch/pytorch@sha256:c8268a92a69bd500f8be0e665b2630ee006dadaf7bfbc24249141b15ff622755,3b847d7ff2e8a42d768204348ecd7b18d0f6dd9cffb4aca5ec65da6b5ca7957c,10cd8611a36a4331a90874ce2c45ee3760b7e54e44de22513e5d8a9b8d108609,default,ksolver-vram-cnn-vision-fp32,ksolver-vram-cnn-vision-fp32-52vts,data/raw/1783084989-cnn-vision-fp32.log,1783084989
1,mlp-batch128-fp32,True,False,,pytorch,2.5.1+cu124,,,,mlp,,fp32,4.0,128,512,,1536,6,,adamw,False,,rtx-4090,1,,,,,11018240,11.01824,603.979776,65536.0,4,4,1.2184693813323975,420.19931550526735,rtx-4090,NVIDIA GeForce RTX 4090,24563,23.99,2199,0.0895248951675284,False,227,272,6,55.19,47,5,pytorch/pytorch:2.5.1-cuda12.4-cudnn9-runtime,docker.io/pytorch/pytorch@sha256:c8268a92a69bd500f8be0e665b2630ee006dadaf7bfbc24249141b15ff622755,3b847d7ff2e8a42d768204348ecd7b18d0f6dd9cffb4aca5ec65da6b5ca7957c,708cbb1d1779ed4f6eeb58896852d14b6e81010b9a3fb01950d1109b3b4f0134,default,ksolver-vram-mlp-batch128-fp32,ksolver-vram-mlp-batch128-fp32-s9hgt,data/raw/1783085085-mlp-batch128-fp32.log,1783085085
1,mlp-batch256-fp16,True,False,,pytorch,2.5.1+cu124,,,,mlp,,fp16,2.0,256,512,,1536,6,,adamw,False,,rtx-4090,1,,,,,11018240,11.01824,1207.959552,131072.0,4,4,1.256514072418213,814.9530693510419,rtx-4090,NVIDIA GeForce RTX 4090,24563,23.99,2067,0.08415095875910923,False,126,154,14,58.52,48,5,pytorch/pytorch:2.5.1-cuda12.4-cudnn9-runtime,docker.io/pytorch/pytorch@sha256:c8268a92a69bd500f8be0e665b2630ee006dadaf7bfbc24249141b15ff622755,3b847d7ff2e8a42d768204348ecd7b18d0f6dd9cffb4aca5ec65da6b5ca7957c,4ba9d6c8ea3942d01b88a29912e98fd4201a1dc4a8108d9108e9b78c164cdb3d,default,ksolver-vram-mlp-batch256-fp16,ksolver-vram-mlp-batch256-fp16-nrkwh,data/raw/1783085091-mlp-batch256-fp16.log,1783085091
1,transformer-small-sgd-fp32,True,False,,pytorch,2.5.1+cu124,,,,transformer,,fp32,4.0,4,512,,768,6,12,sgd,False,,rtx-4090,1,,,,,91711232,91.711232,9.437184,2048.0,5,5,1.4672088623046875,13.63132442410691,rtx-4090,NVIDIA GeForce RTX 4090,24563,23.99,3963,0.16134022717094818,False,1985,2286,13,57.27,48,6,pytorch/pytorch:2.5.1-cuda12.4-cudnn9-runtime,docker.io/pytorch/pytorch@sha256:c8268a92a69bd500f8be0e665b2630ee006dadaf7bfbc24249141b15ff622755,3b847d7ff2e8a42d768204348ecd7b18d0f6dd9cffb4aca5ec65da6b5ca7957c,277b6c09d49e2e156819ce41a6b1eb37cc3e5d49d5b505f25f17b1e620a5929e,default,ksolver-vram-transformer-small-sgd-fp32,ksolver-vram-transformer-small-sgd-fp32-g62ms,data/raw/1783085098-transformer-small-sgd-fp32.log,1783085098
1,transformer-batch16-fp16,True,False,,pytorch,2.5.1+cu124,,,,transformer,,fp16,2.0,16,512,,768,6,12,adamw,False,,rtx-4090,1,,,,,91711232,91.711232,37.748736,8192.0,4,4,1.7272562980651855,37.052984013832024,rtx-4090,NVIDIA GeForce RTX 4090,24563,23.99,5823,0.23706387656230915,False,3715,3890,17,84.57,48,7,pytorch/pytorch:2.5.1-cuda12.4-cudnn9-runtime,docker.io/pytorch/pytorch@sha256:c8268a92a69bd500f8be0e665b2630ee006dadaf7bfbc24249141b15ff622755,3b847d7ff2e8a42d768204348ecd7b18d0f6dd9cffb4aca5ec65da6b5ca7957c,05dcec32441af3d8037587d743113b8f10eee31df5cce483c77ee4483d664e69,default,ksolver-vram-transformer-batch16-fp16,ksolver-vram-transformer-batch16-fp16-8d7fw,data/raw/1783085105-transformer-batch16-fp16.log,1783085105
1,transformer-seq1024-fp32,True,False,,pytorch,2.5.1+cu124,,,,transformer,,fp32,4.0,2,1024,,1024,8,16,adamw,False,,rtx-4090,1,,,,,166337792,166.337792,16.777216,2048.0,4,4,1.9341912269592285,4.13609569131224,rtx-4090,NVIDIA GeForce RTX 4090,24563,23.99,6319,0.2572568497333388,False,4021,4392,52,112.69,49,8,pytorch/pytorch:2.5.1-cuda12.4-cudnn9-runtime,docker.io/pytorch/pytorch@sha256:c8268a92a69bd500f8be0e665b2630ee006dadaf7bfbc24249141b15ff622755,3b847d7ff2e8a42d768204348ecd7b18d0f6dd9cffb4aca5ec65da6b5ca7957c,1bccf996bea11d5eeb1ba0abd77916fad61000b5a0d6ed0bff4126dfd870d7fb,default,ksolver-vram-transformer-seq1024-fp32,ksolver-vram-transformer-seq1024-fp32-bkp4r,data/raw/1783085112-transformer-seq1024-fp32.log,1783085112
1,transformer-wide-fp16,True,False,,pytorch,2.5.1+cu124,,,,transformer,,fp16,2.0,2,1024,,1536,10,16,adamw,False,,rtx-4090,1,,,,,381651200,381.6512,31.45728,2048.0,3,3,2.4752516746520996,2.423995936026711,rtx-4090,NVIDIA GeForce RTX 4090,24563,23.99,6313,0.25701257989659243,False,3797,4368,30,87.58,48,10,pytorch/pytorch:2.5.1-cuda12.4-cudnn9-runtime,docker.io/pytorch/pytorch@sha256:c8268a92a69bd500f8be0e665b2630ee006dadaf7bfbc24249141b15ff622755,3b847d7ff2e8a42d768204348ecd7b18d0f6dd9cffb4aca5ec65da6b5ca7957c,8b90ebd122468babb027eb684c99c7c2ba86c93fc2386f6980d541ad9da4b291,default,ksolver-vram-transformer-wide-fp16,ksolver-vram-transformer-wide-fp16-6zh49,data/raw/1783085120-transformer-wide-fp16.log,1783085120
1,transformer-wide-checkpointed-fp16,True,False,,pytorch,2.5.1+cu124,,,,transformer,,fp16,2.0,2,1024,,1536,10,16,adamw,True,,rtx-4090,1,,,,,381651200,381.6512,31.45728,2048.0,3,3,2.913104772567749,2.059658154591987,rtx-4090,NVIDIA GeForce RTX 4090,24563,23.99,5947,0.24211211985506656,False,3794,4014,35,98.3,48,12,pytorch/pytorch:2.5.1-cuda12.4-cudnn9-runtime,docker.io/pytorch/pytorch@sha256:c8268a92a69bd500f8be0e665b2630ee006dadaf7bfbc24249141b15ff622755,3b847d7ff2e8a42d768204348ecd7b18d0f6dd9cffb4aca5ec65da6b5ca7957c,7c15f8fb3bfc73bbbad8d1cd02581335795dd7b7079ef0f19ca57e84c5afb868,default,ksolver-vram-transformer-wide-checkpointed-fp16,ksolver-vram-transformer-wide-checkpointed-fp16-f6s89,data/raw/1783085128-transformer-wide-checkpointed-fp16.log,1783085128
1,cnn-vision-batch64-fp32,True,False,,pytorch,2.5.1+cu124,,,,cnn,,fp32,4.0,64,,224,128,10,,sgd,False,,rtx-4090,1,,,,,38328,0.038328,32.11264,3211264.0,4,4,1.4639832973480225,174.86538300248307,rtx-4090,NVIDIA GeForce RTX 4090,24563,23.99,4913,0.20001628465578308,False,2603,2982,89,116.95,47,6,pytorch/pytorch:2.5.1-cuda12.4-cudnn9-runtime,docker.io/pytorch/pytorch@sha256:c8268a92a69bd500f8be0e665b2630ee006dadaf7bfbc24249141b15ff622755,3b847d7ff2e8a42d768204348ecd7b18d0f6dd9cffb4aca5ec65da6b5ca7957c,b5c011116065526a4eec8001fd23eb304bdcad840988fc8cd1666978aafb8f66,default,ksolver-vram-cnn-vision-batch64-fp32,ksolver-vram-cnn-vision-batch64-fp32-rmpmz,data/raw/1783085135-cnn-vision-batch64-fp32.log,1783085135
1,cnn-vision-384-fp16,True,False,,pytorch,2.5.1+cu124,,,,cnn,,fp16,2.0,16,,384,192,12,,adamw,False,,rtx-4090,1,,,,,82960,0.08296,28.311552,2359296.0,4,4,1.3288426399230957,48.16221129365918,rtx-4090,NVIDIA GeForce RTX 4090,24563,23.99,3713,0.15116231730651794,False,1651,1774,15,75.87,47,5,pytorch/pytorch:2.5.1-cuda12.4-cudnn9-runtime,docker.io/pytorch/pytorch@sha256:c8268a92a69bd500f8be0e665b2630ee006dadaf7bfbc24249141b15ff622755,3b847d7ff2e8a42d768204348ecd7b18d0f6dd9cffb4aca5ec65da6b5ca7957c,fc271928d72fb9b1a215eb239526c624468e8732250577b584eefef84128bbb5,default,ksolver-vram-cnn-vision-384-fp16,ksolver-vram-cnn-vision-384-fp16-nbz5w,data/raw/1783085141-cnn-vision-384-fp16.log,1783085141
1,transformer-wide-fp16-pad12g,True,False,,pytorch,2.5.1+cu124,,,,transformer,,fp16,2.0,2,1024,,1536,10,16,adamw,False,,rtx-4090,1,,,,12288,381651200,381.6512,31.45728,2048.0,3,3,3.894909620285034,1.540472202166507,rtx-4090,NVIDIA GeForce RTX 4090,24563,23.99,18412,0.7495827056955584,False,16085,16656,45,92.09,49,16,pytorch/pytorch:2.5.1-cuda12.4-cudnn9-runtime,docker.io/pytorch/pytorch@sha256:c8268a92a69bd500f8be0e665b2630ee006dadaf7bfbc24249141b15ff622755,1ce27a632ac204e95ed192c1da31af6e1067b2211e427d7cb85bb6f0a374e83f,00e7cbbcf400e6ab18362370b17e253ddb3ef635070ad9d3b24e5014212a3ca3,default,ksolver-vram-transformer-wide-fp16-pad12g,ksolver-vram-transformer-wide-fp16-pad12g-gg5g4,data/raw/1783085357-transformer-wide-fp16-pad12g.log,1783085357
1,transformer-wide-fp16-pad16g,True,False,,pytorch,2.5.1+cu124,,,,transformer,,fp16,2.0,2,1024,,1536,10,16,adamw,False,,rtx-4090,1,,,,16384,381651200,381.6512,31.45728,2048.0,3,3,3.591437578201294,1.6706402016890938,rtx-4090,NVIDIA GeForce RTX 4090,24563,23.99,22685,0.9235435410984,True,20181,20752,95,104.5,54,15,pytorch/pytorch:2.5.1-cuda12.4-cudnn9-runtime,docker.io/pytorch/pytorch@sha256:c8268a92a69bd500f8be0e665b2630ee006dadaf7bfbc24249141b15ff622755,1ce27a632ac204e95ed192c1da31af6e1067b2211e427d7cb85bb6f0a374e83f,80faeb263444ce395123db50ed66dc19c23c5aaa64d8b05917999620d23ca8d5,default,ksolver-vram-transformer-wide-fp16-pad16g,ksolver-vram-transformer-wide-fp16-pad16g-tprl6,data/raw/1783085366-transformer-wide-fp16-pad16g.log,1783085366
1,transformer-wide-fp16-oom-pad22g,True,False,,pytorch,2.5.1+cu124,,,,transformer,,fp16,2.0,2,1024,,1536,10,16,adamw,False,,rtx-4090,1,,,,22528,381651200,381.6512,31.45728,2048.0,3,3,56.845054626464844,0.10555007888419961,rtx-4090,NVIDIA GeForce RTX 4090,24563,23.99,24116,0.9818018971623987,True,26325,26896,100,113.15,53,224,pytorch/pytorch:2.5.1-cuda12.4-cudnn9-runtime,docker.io/pytorch/pytorch@sha256:c8268a92a69bd500f8be0e665b2630ee006dadaf7bfbc24249141b15ff622755,1ce27a632ac204e95ed192c1da31af6e1067b2211e427d7cb85bb6f0a374e83f,1c79cd0cf53737e7bcc797ac4dfe749ca82522c33b92f7cee687479b44a1d10d,default,ksolver-vram-transformer-wide-fp16-oom-pad22g,ksolver-vram-transformer-wide-fp16-oom-pad22g-s859z,data/raw/1783085428-transformer-wide-fp16-oom-pad22g.log,1783085428
1,cnn-vision-384-fp16-pad12g,True,False,,pytorch,2.5.1+cu124,,,,cnn,,fp16,2.0,16,,384,192,12,,adamw,False,,rtx-4090,1,,,,12288,82960,0.08296,28.311552,2359296.0,4,4,2.1638996601104736,29.576232752276788,rtx-4090,NVIDIA GeForce RTX 4090,24563,23.99,14983,0.6099824939950331,False,13939,14062,71,109.79,49,9,pytorch/pytorch:2.5.1-cuda12.4-cudnn9-runtime,docker.io/pytorch/pytorch@sha256:c8268a92a69bd500f8be0e665b2630ee006dadaf7bfbc24249141b15ff622755,1ce27a632ac204e95ed192c1da31af6e1067b2211e427d7cb85bb6f0a374e83f,7769cd7548cba23ead77b77399c137a1a01f0df74cd3a65a4103139aa97a0ee4,default,ksolver-vram-cnn-vision-384-fp16-pad12g,ksolver-vram-cnn-vision-384-fp16-pad12g-qhpmz,data/raw/1783085436-cnn-vision-384-fp16-pad12g.log,1783085436
1,mlp-forced-oom-pad32g,True,False,,pytorch,2.5.1+cu124,,,,mlp,,fp16,2.0,32,256,,512,2,,sgd,False,,rtx-4090,1,,,,32768,262912,0.262912,8.388608,8192.0,1,1,18.74277973175049,1.707324124702358,rtx-4090,NVIDIA GeForce RTX 4090,24563,23.99,23902,0.9730896063184464,True,32785,32790,100,110.68,48,54,pytorch/pytorch:2.5.1-cuda12.4-cudnn9-runtime,docker.io/pytorch/pytorch@sha256:c8268a92a69bd500f8be0e665b2630ee006dadaf7bfbc24249141b15ff622755,1ce27a632ac204e95ed192c1da31af6e1067b2211e427d7cb85bb6f0a374e83f,680e4cfa8593ff515e01dc542f361eebd58c0166c529fc4e5075c1e486ab3352,default,ksolver-vram-mlp-forced-oom-pad32g,ksolver-vram-mlp-forced-oom-pad32g-xmxwt,data/raw/1783085481-mlp-forced-oom-pad32g.log,1783085481
1,grid-transformer-fp32-b2-s256,True,False,,pytorch,2.5.1+cu124,,,,transformer,,fp32,4.0,2,256,,768,6,12,adamw,False,,rtx-4090,1,,,,0,91711232,91.711232,2.359296,512.0,3,3,1.7667872905731201,3.3959945444557094,rtx-4090,NVIDIA GeForce RTX 4090,24563,23.99,1627,0.06623783739771201,False,1834,2034,13,68.93,49,7,pytorch/pytorch:2.5.1-cuda12.4-cudnn9-runtime,docker.io/pytorch/pytorch@sha256:c8268a92a69bd500f8be0e665b2630ee006dadaf7bfbc24249141b15ff622755,1ce27a632ac204e95ed192c1da31af6e1067b2211e427d7cb85bb6f0a374e83f,982b757a506d9174b4a2e901058da6cf3d260329faee8e7402f01526c6fbf98f,default,ksolver-vram-grid-transformer-fp32-b2-s256,ksolver-vram-grid-transformer-fp32-b2-s256-bpfq4,data/raw/1783085718-grid-transformer-fp32-b2-s256.log,1783085718
1,grid-transformer-fp32-b6-s256,True,False,,pytorch,2.5.1+cu124,,,,transformer,,fp32,4.0,6,256,,768,6,12,adamw,False,,rtx-4090,1,,,,0,91711232,91.711232,7.077888,1536.0,3,3,1.7110390663146973,10.519923451408449,rtx-4090,NVIDIA GeForce RTX 4090,24563,23.99,1625,0.06615641411879657,False,2288,2432,5,70.2,49,7,pytorch/pytorch:2.5.1-cuda12.4-cudnn9-runtime,docker.io/pytorch/pytorch@sha256:c8268a92a69bd500f8be0e665b2630ee006dadaf7bfbc24249141b15ff622755,1ce27a632ac204e95ed192c1da31af6e1067b2211e427d7cb85bb6f0a374e83f,341fe1111b19ce9ec2da2a2198416cd0b640c75b17bfb6001816e2964edd17f7,default,ksolver-vram-grid-transformer-fp32-b6-s256,ksolver-vram-grid-transformer-fp32-b6-s256-cgj29,data/raw/1783085725-grid-transformer-fp32-b6-s256.log,1783085725
1,grid-transformer-fp32-b2-s768,True,False,,pytorch,2.5.1+cu124,,,,transformer,,fp32,4.0,2,768,,768,6,12,adamw,False,,rtx-4090,1,,,,0,91711232,91.711232,7.077888,1536.0,3,3,1.9664840698242188,3.051130742460747,rtx-4090,NVIDIA GeForce RTX 4090,24563,23.99,3395,0.13821601595896266,False,2288,2432,49,87.65,49,8,pytorch/pytorch:2.5.1-cuda12.4-cudnn9-runtime,docker.io/pytorch/pytorch@sha256:c8268a92a69bd500f8be0e665b2630ee006dadaf7bfbc24249141b15ff622755,1ce27a632ac204e95ed192c1da31af6e1067b2211e427d7cb85bb6f0a374e83f,9ff2f850d64fad74c6d5a37da2b61c5b7d926fb1f537841293e98f4904c118c9,default,ksolver-vram-grid-transformer-fp32-b2-s768,ksolver-vram-grid-transformer-fp32-b2-s768-rwqr7,data/raw/1783085733-grid-transformer-fp32-b2-s768.log,1783085733
1,grid-transformer-fp32-b6-s768,True,False,,pytorch,2.5.1+cu124,,,,transformer,,fp32,4.0,6,768,,768,6,12,adamw,False,,rtx-4090,1,,,,0,91711232,91.711232,21.233664,4608.0,3,3,2.2072746753692627,8.154852769734568,rtx-4090,NVIDIA GeForce RTX 4090,24563,23.99,6185,0.25180149004600416,False,4717,5222,38,116.9,51,9,pytorch/pytorch:2.5.1-cuda12.4-cudnn9-runtime,docker.io/pytorch/pytorch@sha256:c8268a92a69bd500f8be0e665b2630ee006dadaf7bfbc24249141b15ff622755,1ce27a632ac204e95ed192c1da31af6e1067b2211e427d7cb85bb6f0a374e83f,a70a7a3c871cc562d18ef36730d2e38025ff6bf9a50a12d7df7c4877e28b0dab,default,ksolver-vram-grid-transformer-fp32-b6-s768,ksolver-vram-grid-transformer-fp32-b6-s768-p5p5r,data/raw/1783085741-grid-transformer-fp32-b6-s768.log,1783085741
1,grid-transformer-fp32-b2-s1536,True,False,,pytorch,2.5.1+cu124,,,,transformer,,fp32,4.0,2,1536,,1024,8,16,adamw,False,,rtx-4090,1,,,,0,166337792,166.337792,25.165824,3072.0,3,3,2.467397451400757,2.4317120035095128,rtx-4090,NVIDIA GeForce RTX 4090,24563,23.99,5221,0.21255546960876115,False,5072,5130,46,111.44,49,10,pytorch/pytorch:2.5.1-cuda12.4-cudnn9-runtime,docker.io/pytorch/pytorch@sha256:c8268a92a69bd500f8be0e665b2630ee006dadaf7bfbc24249141b15ff622755,1ce27a632ac204e95ed192c1da31af6e1067b2211e427d7cb85bb6f0a374e83f,60c00cb2f1878f737900512e80d45a77119b1bb8a2b132ca7b9ad701a85b3f12,default,ksolver-vram-grid-transformer-fp32-b2-s1536,ksolver-vram-grid-transformer-fp32-b2-s1536-9xmjz,data/raw/1783085750-grid-transformer-fp32-b2-s1536.log,1783085750
1,grid-transformer-fp32-b6-s1536,True,False,,pytorch,2.5.1+cu124,,,,transformer,,fp32,4.0,6,1536,,1024,8,16,adamw,False,,rtx-4090,1,,,,0,166337792,166.337792,75.497472,9216.0,3,3,3.0573341846466064,5.8874820065116955,rtx-4090,NVIDIA GeForce RTX 4090,24563,23.99,13389,0.545088140699426,False,11363,12426,100,310.24,55,12,pytorch/pytorch:2.5.1-cuda12.4-cudnn9-runtime,docker.io/pytorch/pytorch@sha256:c8268a92a69bd500f8be0e665b2630ee006dadaf7bfbc24249141b15ff622755,1ce27a632ac204e95ed192c1da31af6e1067b2211e427d7cb85bb6f0a374e83f,8c503ed33e436ad11ea6d2a864936351d7fdd0fbc63217efa27c867d628abd62,default,ksolver-vram-grid-transformer-fp32-b6-s1536,ksolver-vram-grid-transformer-fp32-b6-s1536-cxc7z,data/raw/1783085758-grid-transformer-fp32-b6-s1536.log,1783085758
1,grid-transformer-fp16-b2-s256,True,False,,pytorch,2.5.1+cu124,,,,transformer,,fp16,2.0,2,256,,768,6,12,adamw,False,,rtx-4090,1,,,,0,91711232,91.711232,2.359296,512.0,3,3,1.9406983852386475,3.091670527289165,rtx-4090,NVIDIA GeForce RTX 4090,24563,23.99,1687,0.06868053576517526,False,936,1032,19,75.5,48,8,pytorch/pytorch:2.5.1-cuda12.4-cudnn9-runtime,docker.io/pytorch/pytorch@sha256:c8268a92a69bd500f8be0e665b2630ee006dadaf7bfbc24249141b15ff622755,1ce27a632ac204e95ed192c1da31af6e1067b2211e427d7cb85bb6f0a374e83f,5909f0dff89ad35a9181903b0d13c9c83a474e2f13b94ffc310152f7f69033d4,default,ksolver-vram-grid-transformer-fp16-b2-s256,ksolver-vram-grid-transformer-fp16-b2-s256-tknws,data/raw/1783085765-grid-transformer-fp16-b2-s256.log,1783085765
1,grid-transformer-fp16-b6-s256,True,False,,pytorch,2.5.1+cu124,,,,transformer,,fp16,2.0,6,256,,768,6,12,adamw,False,,rtx-4090,1,,,,0,91711232,91.711232,7.077888,1536.0,3,3,1.4716753959655762,12.23095802875068,rtx-4090,NVIDIA GeForce RTX 4090,24563,23.99,1227,0.04995318161462362,False,1145,1426,21,63.07,47,6,pytorch/pytorch:2.5.1-cuda12.4-cudnn9-runtime,docker.io/pytorch/pytorch@sha256:c8268a92a69bd500f8be0e665b2630ee006dadaf7bfbc24249141b15ff622755,1ce27a632ac204e95ed192c1da31af6e1067b2211e427d7cb85bb6f0a374e83f,35c0ce5bd1acf849ac7e06dc86520b2e1fb4576bd89c30e2cffad7a0e7d3e068,default,ksolver-vram-grid-transformer-fp16-b6-s256,ksolver-vram-grid-transformer-fp16-b6-s256-94xxf,data/raw/1783085772-grid-transformer-fp16-b6-s256.log,1783085772
1,grid-transformer-fp16-b2-s768,True,False,,pytorch,2.5.1+cu124,,,,transformer,,fp16,2.0,2,768,,768,6,12,adamw,False,,rtx-4090,1,,,,0,91711232,91.711232,7.077888,1536.0,3,3,1.5018043518066406,3.9951941761136327,rtx-4090,NVIDIA GeForce RTX 4090,24563,23.99,1215,0.04946464194113097,False,1145,1426,21,64.66,46,6,pytorch/pytorch:2.5.1-cuda12.4-cudnn9-runtime,docker.io/pytorch/pytorch@sha256:c8268a92a69bd500f8be0e665b2630ee006dadaf7bfbc24249141b15ff622755,1ce27a632ac204e95ed192c1da31af6e1067b2211e427d7cb85bb6f0a374e83f,77ba4df4cc4746642804c919486cae9fea0f2c9a644f90fb21e70787a5dd39ec,default,ksolver-vram-grid-transformer-fp16-b2-s768,ksolver-vram-grid-transformer-fp16-b2-s768-6v8ts,data/raw/1783085779-grid-transformer-fp16-b2-s768.log,1783085779
1,grid-transformer-fp16-b6-s768,True,False,,pytorch,2.5.1+cu124,,,,transformer,,fp16,2.0,6,768,,768,6,12,adamw,False,,rtx-4090,1,,,,0,91711232,91.711232,21.233664,4608.0,3,3,1.7366065979003906,10.36504181301772,rtx-4090,NVIDIA GeForce RTX 4090,24563,23.99,3649,0.14855677238122378,False,2343,2652,48,86.6,46,7,pytorch/pytorch:2.5.1-cuda12.4-cudnn9-runtime,docker.io/pytorch/pytorch@sha256:c8268a92a69bd500f8be0e665b2630ee006dadaf7bfbc24249141b15ff622755,1ce27a632ac204e95ed192c1da31af6e1067b2211e427d7cb85bb6f0a374e83f,5d0718e1863b3b36f44bb126ff1f9bb56479e416b917281a3d9d0587945a5bed,default,ksolver-vram-grid-transformer-fp16-b6-s768,ksolver-vram-grid-transformer-fp16-b6-s768-gprf6,data/raw/1783085786-grid-transformer-fp16-b6-s768.log,1783085786
1,grid-transformer-fp16-b2-s1536,True,False,,pytorch,2.5.1+cu124,,,,transformer,,fp16,2.0,2,1536,,1024,8,16,adamw,False,,rtx-4090,1,,,,0,166337792,166.337792,25.165824,3072.0,3,3,2.0074191093444824,2.9889124657975805,rtx-4090,NVIDIA GeForce RTX 4090,24563,23.99,3561,0.14497414810894435,False,2496,2564,55,85.71,45,8,pytorch/pytorch:2.5.1-cuda12.4-cudnn9-runtime,docker.io/pytorch/pytorch@sha256:c8268a92a69bd500f8be0e665b2630ee006dadaf7bfbc24249141b15ff622755,1ce27a632ac204e95ed192c1da31af6e1067b2211e427d7cb85bb6f0a374e83f,2af98bd34f7c8e44d5654f104bd77cca01f6457cca2c7fa74afa521927eaeb5a,default,ksolver-vram-grid-transformer-fp16-b2-s1536,ksolver-vram-grid-transformer-fp16-b2-s1536-zcjbz,data/raw/1783085983-grid-transformer-fp16-b2-s1536.log,1783085983
1,grid-transformer-fp16-b6-s1536,True,False,,pytorch,2.5.1+cu124,,,,transformer,,fp16,2.0,6,1536,,1024,8,16,adamw,False,,rtx-4090,1,,,,0,166337792,166.337792,75.497472,9216.0,3,3,1.9847781658172607,9.069023586617421,rtx-4090,NVIDIA GeForce RTX 4090,24563,23.99,7095,0.28884908195253023,False,5545,6098,75,108.84,46,8,pytorch/pytorch:2.5.1-cuda12.4-cudnn9-runtime,docker.io/pytorch/pytorch@sha256:c8268a92a69bd500f8be0e665b2630ee006dadaf7bfbc24249141b15ff622755,1ce27a632ac204e95ed192c1da31af6e1067b2211e427d7cb85bb6f0a374e83f,b134525c626268cd22ef9606c8de1b3c4353958f8bd5194dd875734d86655845,default,ksolver-vram-grid-transformer-fp16-b6-s1536,ksolver-vram-grid-transformer-fp16-b6-s1536-lht8g,data/raw/1783085990-grid-transformer-fp16-b6-s1536.log,1783085990
1,grid-cnn-fp32-b64-i160,True,False,,pytorch,2.5.1+cu124,,,,cnn,,fp32,4.0,64,,160,128,8,,sgd,False,,rtx-4090,1,,,,0,33688,0.033688,13.1072,1638400.0,3,3,1.5179502964019775,126.48635495845994,rtx-4090,NVIDIA GeForce RTX 4090,24563,23.99,2319,0.09441029190245491,False,1137,1324,13,73.4,46,6,pytorch/pytorch:2.5.1-cuda12.4-cudnn9-runtime,docker.io/pytorch/pytorch@sha256:c8268a92a69bd500f8be0e665b2630ee006dadaf7bfbc24249141b15ff622755,1ce27a632ac204e95ed192c1da31af6e1067b2211e427d7cb85bb6f0a374e83f,d82ab7b7ce7ab88e1d7d30826cb5e39a62c0998d1c626971f3a1f8cdcc3483fc,default,ksolver-vram-grid-cnn-fp32-b64-i160,ksolver-vram-grid-cnn-fp32-b64-i160-pbjzf,data/raw/1783085996-grid-cnn-fp32-b64-i160.log,1783085996
1,grid-cnn-fp32-b24-i256,True,False,,pytorch,2.5.1+cu124,,,,cnn,,fp32,4.0,24,,256,128,8,,sgd,False,,rtx-4090,1,,,,0,33688,0.033688,12.582912,1572864.0,3,3,1.2580385208129883,57.23195181135717,rtx-4090,NVIDIA GeForce RTX 4090,24563,23.99,2071,0.08431380531694012,False,994,1076,14,66.58,46,5,pytorch/pytorch:2.5.1-cuda12.4-cudnn9-runtime,docker.io/pytorch/pytorch@sha256:c8268a92a69bd500f8be0e665b2630ee006dadaf7bfbc24249141b15ff622755,1ce27a632ac204e95ed192c1da31af6e1067b2211e427d7cb85bb6f0a374e83f,9cf7ab7211124674b79aace99815e395c1d33d78d9f492525c1c833f4616f8d1,default,ksolver-vram-grid-cnn-fp32-b24-i256,ksolver-vram-grid-cnn-fp32-b24-i256-4fsxk,data/raw/1783086002-grid-cnn-fp32-b24-i256.log,1783086002
1,grid-cnn-fp32-b8-i384,True,False,,pytorch,2.5.1+cu124,,,,cnn,,fp32,4.0,8,,384,192,12,,sgd,False,,rtx-4090,1,,,,0,82960,0.08296,14.155776,1179648.0,3,3,1.2234411239624023,19.616800130332667,rtx-4090,NVIDIA GeForce RTX 4090,24563,23.99,2851,0.11606888409396246,False,1652,1856,18,64.87,46,5,pytorch/pytorch:2.5.1-cuda12.4-cudnn9-runtime,docker.io/pytorch/pytorch@sha256:c8268a92a69bd500f8be0e665b2630ee006dadaf7bfbc24249141b15ff622755,1ce27a632ac204e95ed192c1da31af6e1067b2211e427d7cb85bb6f0a374e83f,87191ab6cb7fd82a41694462685cdb738430b3b88448e89dcf9c6643cb570a39,default,ksolver-vram-grid-cnn-fp32-b8-i384,ksolver-vram-grid-cnn-fp32-b8-i384-q52cp,data/raw/1783086008-grid-cnn-fp32-b8-i384.log,1783086008
1,grid-cnn-fp16-b64-i160,True,False,,pytorch,2.5.1+cu124,,,,cnn,,fp16,2.0,64,,160,128,8,,adamw,False,,rtx-4090,1,,,,0,33688,0.033688,13.1072,1638400.0,3,3,1.5000622272491455,127.994690161684,rtx-4090,NVIDIA GeForce RTX 4090,24563,23.99,1759,0.07161177380613118,False,578,756,20,78.23,47,6,pytorch/pytorch:2.5.1-cuda12.4-cudnn9-runtime,docker.io/pytorch/pytorch@sha256:c8268a92a69bd500f8be0e665b2630ee006dadaf7bfbc24249141b15ff622755,1ce27a632ac204e95ed192c1da31af6e1067b2211e427d7cb85bb6f0a374e83f,9895358e0e2f0e5daf0cecff6f1bd8a1d4751ff323d6ec7eec99a811a3a54af2,default,ksolver-vram-grid-cnn-fp16-b64-i160,ksolver-vram-grid-cnn-fp16-b64-i160-x7vms,data/raw/1783086015-grid-cnn-fp16-b64-i160.log,1783086015
1,grid-cnn-fp16-b24-i256,True,False,,pytorch,2.5.1+cu124,,,,cnn,,fp16,2.0,24,,256,128,8,,adamw,False,,rtx-4090,1,,,,0,33688,0.033688,12.582912,1572864.0,3,3,1.2572345733642578,57.26854918357346,rtx-4090,NVIDIA GeForce RTX 4090,24563,23.99,1523,0.06200382689410903,False,557,728,13,60.34,47,5,pytorch/pytorch:2.5.1-cuda12.4-cudnn9-runtime,docker.io/pytorch/pytorch@sha256:c8268a92a69bd500f8be0e665b2630ee006dadaf7bfbc24249141b15ff622755,1ce27a632ac204e95ed192c1da31af6e1067b2211e427d7cb85bb6f0a374e83f,fe98836e312062cd7901900d5af1818da3a5c93a5d84c40c816e3ed19f3df953,default,ksolver-vram-grid-cnn-fp16-b24-i256,ksolver-vram-grid-cnn-fp16-b24-i256-lmvsr,data/raw/1783086021-grid-cnn-fp16-b24-i256.log,1783086021
1,grid-cnn-fp16-b8-i384,True,False,,pytorch,2.5.1+cu124,,,,cnn,,fp16,2.0,8,,384,192,12,,adamw,False,,rtx-4090,1,,,,0,82960,0.08296,14.155776,1179648.0,3,3,1.34706711769104,17.816484186131383,rtx-4090,NVIDIA GeForce RTX 4090,24563,23.99,1905,0.07755567316695844,False,834,902,9,69.04,47,5,pytorch/pytorch:2.5.1-cuda12.4-cudnn9-runtime,docker.io/pytorch/pytorch@sha256:c8268a92a69bd500f8be0e665b2630ee006dadaf7bfbc24249141b15ff622755,1ce27a632ac204e95ed192c1da31af6e1067b2211e427d7cb85bb6f0a374e83f,4d8baa06ffb8236060026326b0c7fd16757e19d50b7f2f6eb1259e53e1e4bc2a,default,ksolver-vram-grid-cnn-fp16-b8-i384,ksolver-vram-grid-cnn-fp16-b8-i384-gvwpg,data/raw/1783086027-grid-cnn-fp16-b8-i384.log,1783086027
1,grid-pressure-transformer-pad8g,True,False,,pytorch,2.5.1+cu124,,,,transformer,,fp16,2.0,2,1024,,1536,10,16,adamw,False,,rtx-4090,1,,,,8192,381651200,381.6512,31.45728,2048.0,2,2,3.3940963745117188,1.1785169183875774,rtx-4090,NVIDIA GeForce RTX 4090,24563,23.99,13057,0.5315718763994626,False,11989,12558,53,85.64,48,13,pytorch/pytorch:2.5.1-cuda12.4-cudnn9-runtime,docker.io/pytorch/pytorch@sha256:c8268a92a69bd500f8be0e665b2630ee006dadaf7bfbc24249141b15ff622755,1ce27a632ac204e95ed192c1da31af6e1067b2211e427d7cb85bb6f0a374e83f,5c5e847c3ca1e517e0730ee28870845efe51245ffdf3aef182801c91fd7ebd92,default,ksolver-vram-grid-pressure-transformer-pad8g,ksolver-vram-grid-pressure-transformer-pad8g-x77g6,data/raw/1783086036-grid-pressure-transformer-pad8g.log,1783086036
1,grid-pressure-transformer-pad18g,True,False,,pytorch,2.5.1+cu124,,,,transformer,,fp16,2.0,2,1024,,1536,10,16,adamw,False,,rtx-4090,1,,,,18432,381651200,381.6512,31.45728,2048.0,2,2,3.1686723232269287,1.2623583608438438,rtx-4090,NVIDIA GeForce RTX 4090,24563,23.99,20295,0.8262427227944469,False,22229,22798,97,89.1,49,13,pytorch/pytorch:2.5.1-cuda12.4-cudnn9-runtime,docker.io/pytorch/pytorch@sha256:c8268a92a69bd500f8be0e665b2630ee006dadaf7bfbc24249141b15ff622755,1ce27a632ac204e95ed192c1da31af6e1067b2211e427d7cb85bb6f0a374e83f,12c2b4273663aaf944c016a391cc4de00b182029d098db0db50a8bb599526d81,default,ksolver-vram-grid-pressure-transformer-pad18g,ksolver-vram-grid-pressure-transformer-pad18g-xfwlz,data/raw/1783086044-grid-pressure-transformer-pad18g.log,1783086044
1,focus-cnn-fp32-b48-i224,True,False,,pytorch,2.5.1+cu124,,,,cnn,,fp32,4.0,48,,224,128,10,,sgd,False,,rtx-4090,1,,,,0,38328,0.038328,24.08448,2408448.0,3,3,1.253471851348877,114.88092041719148,rtx-4090,NVIDIA GeForce RTX 4090,24563,23.99,2686,0.1093514635834385,False,1968,2250,6,66.5,50,5,pytorch/pytorch:2.5.1-cuda12.4-cudnn9-runtime,docker.io/pytorch/pytorch@sha256:c8268a92a69bd500f8be0e665b2630ee006dadaf7bfbc24249141b15ff622755,1ce27a632ac204e95ed192c1da31af6e1067b2211e427d7cb85bb6f0a374e83f,cd1e5e28cca44fd5c56a59ae000b5613f86c190d0aaf8ce17f427430488124ec,default,ksolver-vram-focus-cnn-fp32-b48-i224,ksolver-vram-focus-cnn-fp32-b48-i224-2pm9c,data/raw/1783086325-focus-cnn-fp32-b48-i224.log,1783086325
1,focus-cnn-fp32-b16-i320,True,False,,pytorch,2.5.1+cu124,,,,cnn,,fp32,4.0,16,,320,192,12,,sgd,False,,rtx-4090,1,,,,0,82960,0.08296,19.6608,1638400.0,3,3,1.2392761707305908,38.73228674420694,rtx-4090,NVIDIA GeForce RTX 4090,24563,23.99,3008,0.12246061148882466,False,2135,2272,25,70.37,50,5,pytorch/pytorch:2.5.1-cuda12.4-cudnn9-runtime,docker.io/pytorch/pytorch@sha256:c8268a92a69bd500f8be0e665b2630ee006dadaf7bfbc24249141b15ff622755,1ce27a632ac204e95ed192c1da31af6e1067b2211e427d7cb85bb6f0a374e83f,f25ce662803dd472ffc0ebd570816895e13304bc18e3754758e4b5f8907e7249,default,ksolver-vram-focus-cnn-fp32-b16-i320,ksolver-vram-focus-cnn-fp32-b16-i320-zdn92,data/raw/1783086331-focus-cnn-fp32-b16-i320.log,1783086331
1,focus-cnn-fp16-b32-i224,True,False,,pytorch,2.5.1+cu124,,,,cnn,,fp16,2.0,32,,224,128,10,,adamw,False,,rtx-4090,1,,,,0,38328,0.038328,16.05632,1605632.0,3,3,1.5073001384735107,63.690035945476765,rtx-4090,NVIDIA GeForce RTX 4090,24563,23.99,1894,0.0771078451329235,False,667,846,17,78.61,51,6,pytorch/pytorch:2.5.1-cuda12.4-cudnn9-runtime,docker.io/pytorch/pytorch@sha256:c8268a92a69bd500f8be0e665b2630ee006dadaf7bfbc24249141b15ff622755,1ce27a632ac204e95ed192c1da31af6e1067b2211e427d7cb85bb6f0a374e83f,59d96cef6a13ea40c82ffefa1e4ce61e23d66d41158cae59e7449aa17e74559a,default,ksolver-vram-focus-cnn-fp16-b32-i224,ksolver-vram-focus-cnn-fp16-b32-i224-qqmjk,data/raw/1783086338-focus-cnn-fp16-b32-i224.log,1783086338
1,focus-cnn-fp16-b12-i320,True,False,,pytorch,2.5.1+cu124,,,,cnn,,fp16,2.0,12,,320,192,12,,adamw,False,,rtx-4090,1,,,,0,82960,0.08296,14.7456,1228800.0,3,3,1.4861845970153809,24.2231012703918,rtx-4090,NVIDIA GeForce RTX 4090,24563,23.99,1892,0.07702642185400806,False,869,964,8,74.6,51,6,pytorch/pytorch:2.5.1-cuda12.4-cudnn9-runtime,docker.io/pytorch/pytorch@sha256:c8268a92a69bd500f8be0e665b2630ee006dadaf7bfbc24249141b15ff622755,1ce27a632ac204e95ed192c1da31af6e1067b2211e427d7cb85bb6f0a374e83f,afaeb74bbc7961e4306a12b963291ca54b144e6fda9b543cc43296ea94f56c8a,default,ksolver-vram-focus-cnn-fp16-b12-i320,ksolver-vram-focus-cnn-fp16-b12-i320-pg5sm,data/raw/1783086345-focus-cnn-fp16-b12-i320.log,1783086345
1,focus-cnn-fp16-b16-i384-pad6g,True,False,,pytorch,2.5.1+cu124,,,,cnn,,fp16,2.0,16,,384,192,12,,adamw,False,,rtx-4090,1,,,,6144,82960,0.08296,28.311552,2359296.0,3,3,1.503291368484497,31.9299378725163,rtx-4090,NVIDIA GeForce RTX 4090,24563,23.99,8964,0.3649391360990107,False,7795,7918,55,92.84,51,6,pytorch/pytorch:2.5.1-cuda12.4-cudnn9-runtime,docker.io/pytorch/pytorch@sha256:c8268a92a69bd500f8be0e665b2630ee006dadaf7bfbc24249141b15ff622755,1ce27a632ac204e95ed192c1da31af6e1067b2211e427d7cb85bb6f0a374e83f,a2c291e178fbb9d58cb4581f7e7bd765a46d572eb06d4e309dedab33078d941c,default,ksolver-vram-focus-cnn-fp16-b16-i384-pad6g,ksolver-vram-focus-cnn-fp16-b16-i384-pad6g-tvj75,data/raw/1783086352-focus-cnn-fp16-b16-i384-pad6g.log,1783086352
1,focus-cnn-fp16-b16-i384-pad10g,True,False,,pytorch,2.5.1+cu124,,,,cnn,,fp16,2.0,16,,384,192,12,,adamw,False,,rtx-4090,1,,,,10240,82960,0.08296,28.311552,2359296.0,3,3,1.776681661605835,27.016657534820112,rtx-4090,NVIDIA GeForce RTX 4090,24563,23.99,13062,0.5317754345967513,False,11891,12014,25,106.4,58,7,pytorch/pytorch:2.5.1-cuda12.4-cudnn9-runtime,docker.io/pytorch/pytorch@sha256:c8268a92a69bd500f8be0e665b2630ee006dadaf7bfbc24249141b15ff622755,1ce27a632ac204e95ed192c1da31af6e1067b2211e427d7cb85bb6f0a374e83f,b8199d1fdebdf716b443c1d4630340044f6ee213b25ff127aa2db492c0daad3b,default,ksolver-vram-focus-cnn-fp16-b16-i384-pad10g,ksolver-vram-focus-cnn-fp16-b16-i384-pad10g-48lfh,data/raw/1783086359-focus-cnn-fp16-b16-i384-pad10g.log,1783086359
1,focus-mlp-fp32-b64-s1024-h2048,True,False,,pytorch,2.5.1+cu124,,,,mlp,,fp32,4.0,64,1024,,2048,6,,adamw,False,,rtx-4090,1,,,,0,20982784,20.982784,805.306368,65536.0,3,3,1.2569985389709473,152.74480760907045,rtx-4090,NVIDIA GeForce RTX 4090,24563,23.99,1484,0.06041607295525791,False,417,448,18,66.67,50,5,pytorch/pytorch:2.5.1-cuda12.4-cudnn9-runtime,docker.io/pytorch/pytorch@sha256:c8268a92a69bd500f8be0e665b2630ee006dadaf7bfbc24249141b15ff622755,1ce27a632ac204e95ed192c1da31af6e1067b2211e427d7cb85bb6f0a374e83f,2c6e124af0e728765d0d0f7851724de1fb0b82a2d4797c02801ec332053877a7,default,ksolver-vram-focus-mlp-fp32-b64-s1024-h2048,ksolver-vram-focus-mlp-fp32-b64-s1024-h2048-zghpl,data/raw/1783086365-focus-mlp-fp32-b64-s1024-h2048.log,1783086365
1,focus-mlp-fp16-b256-s1024-h2048,True,False,,pytorch,2.5.1+cu124,,,,mlp,,fp16,2.0,256,1024,,2048,6,,adamw,False,,rtx-4090,1,,,,0,20982784,20.982784,3221.225472,262144.0,3,3,1.2403926849365234,619.1587626456392,rtx-4090,NVIDIA GeForce RTX 4090,24563,23.99,1100,0.04478280340349306,False,219,258,18,62.11,49,5,pytorch/pytorch:2.5.1-cuda12.4-cudnn9-runtime,docker.io/pytorch/pytorch@sha256:c8268a92a69bd500f8be0e665b2630ee006dadaf7bfbc24249141b15ff622755,1ce27a632ac204e95ed192c1da31af6e1067b2211e427d7cb85bb6f0a374e83f,fa9bcbca5e45308b3c9d60f821d3e43821ad89f8a9829a97e1cbe7c5b7533c35,default,ksolver-vram-focus-mlp-fp16-b256-s1024-h2048,ksolver-vram-focus-mlp-fp16-b256-s1024-h2048-qjjqb,data/raw/1783086372-focus-mlp-fp16-b256-s1024-h2048.log,1783086372
1,focus-mlp-fp32-b128-s2048-h2048,True,False,,pytorch,2.5.1+cu124,,,,mlp,,fp32,4.0,128,2048,,2048,8,,sgd,False,,rtx-4090,1,,,,0,33570816,33.570816,4294.967296,262144.0,3,3,1.2659196853637695,303.33677913354774,rtx-4090,NVIDIA GeForce RTX 4090,24563,23.99,1348,0.05487928998900786,False,278,298,14,62.31,48,5,pytorch/pytorch:2.5.1-cuda12.4-cudnn9-runtime,docker.io/pytorch/pytorch@sha256:c8268a92a69bd500f8be0e665b2630ee006dadaf7bfbc24249141b15ff622755,1ce27a632ac204e95ed192c1da31af6e1067b2211e427d7cb85bb6f0a374e83f,1c52e196dfeb25e016a5c6ac5ef642e9289c674a18d409ebb759da355dab33b3,default,ksolver-vram-focus-mlp-fp32-b128-s2048-h2048,ksolver-vram-focus-mlp-fp32-b128-s2048-h2048-qpsgh,data/raw/1783086378-focus-mlp-fp32-b128-s2048-h2048.log,1783086378
1,focus-mlp-fp16-b512-s2048-h2048,True,False,,pytorch,2.5.1+cu124,,,,mlp,,fp16,2.0,512,2048,,2048,8,,sgd,False,,rtx-4090,1,,,,0,33570816,33.570816,17179.869184,1048576.0,3,3,1.2289509773254395,1249.846436790172,rtx-4090,NVIDIA GeForce RTX 4090,24563,23.99,1176,0.04787688800227985,False,164,202,9,56.2,48,5,pytorch/pytorch:2.5.1-cuda12.4-cudnn9-runtime,docker.io/pytorch/pytorch@sha256:c8268a92a69bd500f8be0e665b2630ee006dadaf7bfbc24249141b15ff622755,1ce27a632ac204e95ed192c1da31af6e1067b2211e427d7cb85bb6f0a374e83f,137279e2e829165841602701d1b38d0ea8e02a16c65d6e45f9c697e1854b9f19,default,ksolver-vram-focus-mlp-fp16-b512-s2048-h2048,ksolver-vram-focus-mlp-fp16-b512-s2048-h2048-qjk6z,data/raw/1783086384-focus-mlp-fp16-b512-s2048-h2048.log,1783086384
1,focus-mlp-fp16-b128-s1024-pad8g,True,False,,pytorch,2.5.1+cu124,,,,mlp,,fp16,2.0,128,1024,,1024,4,,adamw,False,,rtx-4090,1,,,,8192,4198400,4.1984,536.870912,131072.0,2,2,1.390491008758545,184.10762700908174,rtx-4090,NVIDIA GeForce RTX 4090,24563,23.99,9252,0.3766640882628343,False,8249,8258,38,84.47,48,5,pytorch/pytorch:2.5.1-cuda12.4-cudnn9-runtime,docker.io/pytorch/pytorch@sha256:c8268a92a69bd500f8be0e665b2630ee006dadaf7bfbc24249141b15ff622755,1ce27a632ac204e95ed192c1da31af6e1067b2211e427d7cb85bb6f0a374e83f,5c2a31f7ccb18463376e740a8cc5f905cb12caa6f731d136281d30ebbdc9f160,default,ksolver-vram-focus-mlp-fp16-b128-s1024-pad8g,ksolver-vram-focus-mlp-fp16-b128-s1024-pad8g-hqnfm,data/raw/1783086391-focus-mlp-fp16-b128-s1024-pad8g.log,1783086392
1,focus-mlp-fp16-b128-s1024-pad16g,True,False,,pytorch,2.5.1+cu124,,,,mlp,,fp16,2.0,128,1024,,1024,4,,adamw,False,,rtx-4090,1,,,,16384,4198400,4.1984,536.870912,131072.0,2,2,1.4852240085601807,172.3645716232219,rtx-4090,NVIDIA GeForce RTX 4090,24563,23.99,17438,0.7099295688637381,False,16441,16450,84,91.29,47,6,pytorch/pytorch:2.5.1-cuda12.4-cudnn9-runtime,docker.io/pytorch/pytorch@sha256:c8268a92a69bd500f8be0e665b2630ee006dadaf7bfbc24249141b15ff622755,1ce27a632ac204e95ed192c1da31af6e1067b2211e427d7cb85bb6f0a374e83f,ae3c777f0708248b781c48bc49b7cba6132df353b20272b80d3a411ba4c52552,default,ksolver-vram-focus-mlp-fp16-b128-s1024-pad16g,ksolver-vram-focus-mlp-fp16-b128-s1024-pad16g-f627b,data/raw/1783086398-focus-mlp-fp16-b128-s1024-pad16g.log,1783086399
1,grid-transformer-fp32-b2-s256,True,False,,pytorch,2.5.1+cu124,,,,transformer,,fp32,4.0,2,256,,768,6,12,adamw,False,,rtx-4090,1,,,,0,91711232,91.711232,2.359296,512.0,3,3,1.7462682723999023,3.4358981920654035,rtx-4090,NVIDIA GeForce RTX 4090,24563,23.99,3267,0.1330049261083744,False,1834,2034,30,72.22,51,7,pytorch/pytorch:2.5.1-cuda12.4-cudnn9-runtime,docker.io/pytorch/pytorch@sha256:c8268a92a69bd500f8be0e665b2630ee006dadaf7bfbc24249141b15ff622755,1ce27a632ac204e95ed192c1da31af6e1067b2211e427d7cb85bb6f0a374e83f,982b757a506d9174b4a2e901058da6cf3d260329faee8e7402f01526c6fbf98f,default,ksolver-vram-grid-transformer-fp32-b2-s256,ksolver-vram-grid-transformer-fp32-b2-s256-56q9c,data/raw/1783093842-grid-transformer-fp32-b2-s256.log,1783093842
1,grid-transformer-fp32-b6-s256,True,False,,pytorch,2.5.1+cu124,,,,transformer,,fp32,4.0,6,256,,768,6,12,adamw,False,,rtx-4090,1,,,,0,91711232,91.711232,7.077888,1536.0,3,3,1.5632562637329102,11.514426916171555,rtx-4090,NVIDIA GeForce RTX 4090,24563,23.99,2865,0.11663884704637056,False,2288,2432,22,67.75,51,6,pytorch/pytorch:2.5.1-cuda12.4-cudnn9-runtime,docker.io/pytorch/pytorch@sha256:c8268a92a69bd500f8be0e665b2630ee006dadaf7bfbc24249141b15ff622755,1ce27a632ac204e95ed192c1da31af6e1067b2211e427d7cb85bb6f0a374e83f,341fe1111b19ce9ec2da2a2198416cd0b640c75b17bfb6001816e2964edd17f7,default,ksolver-vram-grid-transformer-fp32-b6-s256,ksolver-vram-grid-transformer-fp32-b6-s256-qjztg,data/raw/1783093849-grid-transformer-fp32-b6-s256.log,1783093849
1,grid-transformer-fp32-b2-s768,True,False,,pytorch,2.5.1+cu124,,,,transformer,,fp32,4.0,2,768,,768,6,12,adamw,False,,rtx-4090,1,,,,0,91711232,91.711232,7.077888,1536.0,3,3,1.7473454475402832,3.4337800853552607,rtx-4090,NVIDIA GeForce RTX 4090,24563,23.99,3287,0.1338191588975288,False,2288,2432,27,81.32,53,7,pytorch/pytorch:2.5.1-cuda12.4-cudnn9-runtime,docker.io/pytorch/pytorch@sha256:c8268a92a69bd500f8be0e665b2630ee006dadaf7bfbc24249141b15ff622755,1ce27a632ac204e95ed192c1da31af6e1067b2211e427d7cb85bb6f0a374e83f,9ff2f850d64fad74c6d5a37da2b61c5b7d926fb1f537841293e98f4904c118c9,default,ksolver-vram-grid-transformer-fp32-b2-s768,ksolver-vram-grid-transformer-fp32-b2-s768-dfnl8,data/raw/1783093856-grid-transformer-fp32-b2-s768.log,1783093856
1,grid-transformer-fp32-b6-s768,True,False,,pytorch,2.5.1+cu124,,,,transformer,,fp32,4.0,6,768,,768,6,12,adamw,False,,rtx-4090,1,,,,0,91711232,91.711232,21.233664,4608.0,3,3,1.8240010738372803,9.868415242833231,rtx-4090,NVIDIA GeForce RTX 4090,24563,23.99,6455,0.26279363269958883,False,4717,5222,50,102.35,54,7,pytorch/pytorch:2.5.1-cuda12.4-cudnn9-runtime,docker.io/pytorch/pytorch@sha256:c8268a92a69bd500f8be0e665b2630ee006dadaf7bfbc24249141b15ff622755,1ce27a632ac204e95ed192c1da31af6e1067b2211e427d7cb85bb6f0a374e83f,a70a7a3c871cc562d18ef36730d2e38025ff6bf9a50a12d7df7c4877e28b0dab,default,ksolver-vram-grid-transformer-fp32-b6-s768,ksolver-vram-grid-transformer-fp32-b6-s768-mpnfq,data/raw/1783093863-grid-transformer-fp32-b6-s768.log,1783093863
1,grid-transformer-fp32-b2-s1536,True,False,,pytorch,2.5.1+cu124,,,,transformer,,fp32,4.0,2,1536,,1024,8,16,adamw,False,,rtx-4090,1,,,,0,166337792,166.337792,25.165824,3072.0,3,3,2.135688066482544,2.8093990382602727,rtx-4090,NVIDIA GeForce RTX 4090,24563,23.99,6363,0.2590481618694785,False,5072,5130,82,146.11,49,9,pytorch/pytorch:2.5.1-cuda12.4-cudnn9-runtime,docker.io/pytorch/pytorch@sha256:c8268a92a69bd500f8be0e665b2630ee006dadaf7bfbc24249141b15ff622755,1ce27a632ac204e95ed192c1da31af6e1067b2211e427d7cb85bb6f0a374e83f,60c00cb2f1878f737900512e80d45a77119b1bb8a2b132ca7b9ad701a85b3f12,default,ksolver-vram-grid-transformer-fp32-b2-s1536,ksolver-vram-grid-transformer-fp32-b2-s1536-sq2tq,data/raw/1783093870-grid-transformer-fp32-b2-s1536.log,1783093870
1,grid-transformer-fp32-b6-s1536,True,False,,pytorch,2.5.1+cu124,,,,transformer,,fp32,4.0,6,1536,,1024,8,16,adamw,False,,rtx-4090,1,,,,0,166337792,166.337792,75.497472,9216.0,3,3,2.745659112930298,6.555802909119896,rtx-4090,NVIDIA GeForce RTX 4090,24563,23.99,13659,0.5560802833530106,False,11363,12426,100,330.85,66,11,pytorch/pytorch:2.5.1-cuda12.4-cudnn9-runtime,docker.io/pytorch/pytorch@sha256:c8268a92a69bd500f8be0e665b2630ee006dadaf7bfbc24249141b15ff622755,1ce27a632ac204e95ed192c1da31af6e1067b2211e427d7cb85bb6f0a374e83f,8c503ed33e436ad11ea6d2a864936351d7fdd0fbc63217efa27c867d628abd62,default,ksolver-vram-grid-transformer-fp32-b6-s1536,ksolver-vram-grid-transformer-fp32-b6-s1536-zj6cc,data/raw/1783093878-grid-transformer-fp32-b6-s1536.log,1783093878
1,grid-transformer-fp16-b2-s256,True,False,,pytorch,2.5.1+cu124,,,,transformer,,fp16,2.0,2,256,,768,6,12,adamw,False,,rtx-4090,1,,,,0,91711232,91.711232,2.359296,512.0,3,3,1.6932241916656494,3.543535480731416,rtx-4090,NVIDIA GeForce RTX 4090,24563,23.99,2045,0.08325530269103937,False,936,1032,20,74.27,49,7,pytorch/pytorch:2.5.1-cuda12.4-cudnn9-runtime,docker.io/pytorch/pytorch@sha256:c8268a92a69bd500f8be0e665b2630ee006dadaf7bfbc24249141b15ff622755,1ce27a632ac204e95ed192c1da31af6e1067b2211e427d7cb85bb6f0a374e83f,5909f0dff89ad35a9181903b0d13c9c83a474e2f13b94ffc310152f7f69033d4,default,ksolver-vram-grid-transformer-fp16-b2-s256,ksolver-vram-grid-transformer-fp16-b2-s256-q7qm2,data/raw/1783093885-grid-transformer-fp16-b2-s256.log,1783093885
1,grid-transformer-fp16-b6-s256,True,False,,pytorch,2.5.1+cu124,,,,transformer,,fp16,2.0,6,256,,768,6,12,adamw,False,,rtx-4090,1,,,,0,91711232,91.711232,7.077888,1536.0,3,3,1.5116009712219238,11.907904495092675,rtx-4090,NVIDIA GeForce RTX 4090,24563,23.99,1445,0.05882831901640679,False,1145,1426,14,64.61,48,6,pytorch/pytorch:2.5.1-cuda12.4-cudnn9-runtime,docker.io/pytorch/pytorch@sha256:c8268a92a69bd500f8be0e665b2630ee006dadaf7bfbc24249141b15ff622755,1ce27a632ac204e95ed192c1da31af6e1067b2211e427d7cb85bb6f0a374e83f,35c0ce5bd1acf849ac7e06dc86520b2e1fb4576bd89c30e2cffad7a0e7d3e068,default,ksolver-vram-grid-transformer-fp16-b6-s256,ksolver-vram-grid-transformer-fp16-b6-s256-xq6vg,data/raw/1783093892-grid-transformer-fp16-b6-s256.log,1783093892
1,grid-transformer-fp16-b2-s768,True,False,,pytorch,2.5.1+cu124,,,,transformer,,fp16,2.0,2,768,,768,6,12,adamw,False,,rtx-4090,1,,,,0,91711232,91.711232,7.077888,1536.0,3,3,1.4819064140319824,4.048838673742665,rtx-4090,NVIDIA GeForce RTX 4090,24563,23.99,1443,0.058746895737491346,False,1145,1426,16,61.53,47,6,pytorch/pytorch:2.5.1-cuda12.4-cudnn9-runtime,docker.io/pytorch/pytorch@sha256:c8268a92a69bd500f8be0e665b2630ee006dadaf7bfbc24249141b15ff622755,1ce27a632ac204e95ed192c1da31af6e1067b2211e427d7cb85bb6f0a374e83f,77ba4df4cc4746642804c919486cae9fea0f2c9a644f90fb21e70787a5dd39ec,default,ksolver-vram-grid-transformer-fp16-b2-s768,ksolver-vram-grid-transformer-fp16-b2-s768-jcscv,data/raw/1783093899-grid-transformer-fp16-b2-s768.log,1783093899
1,grid-transformer-fp16-b6-s768,True,False,,pytorch,2.5.1+cu124,,,,transformer,,fp16,2.0,6,768,,768,6,12,adamw,False,,rtx-4090,1,,,,0,91711232,91.711232,21.233664,4608.0,3,3,1.7105894088745117,10.522688791720721,rtx-4090,NVIDIA GeForce RTX 4090,24563,23.99,3327,0.13544762447583764,False,2343,2652,8,78.22,47,7,pytorch/pytorch:2.5.1-cuda12.4-cudnn9-runtime,docker.io/pytorch/pytorch@sha256:c8268a92a69bd500f8be0e665b2630ee006dadaf7bfbc24249141b15ff622755,1ce27a632ac204e95ed192c1da31af6e1067b2211e427d7cb85bb6f0a374e83f,5d0718e1863b3b36f44bb126ff1f9bb56479e416b917281a3d9d0587945a5bed,default,ksolver-vram-grid-transformer-fp16-b6-s768,ksolver-vram-grid-transformer-fp16-b6-s768-rj5zz,data/raw/1783093906-grid-transformer-fp16-b6-s768.log,1783093906
1,grid-transformer-fp16-b2-s1536,True,False,,pytorch,2.5.1+cu124,,,,transformer,,fp16,2.0,2,1536,,1024,8,16,adamw,False,,rtx-4090,1,,,,0,166337792,166.337792,25.165824,3072.0,3,3,1.754011869430542,3.4207294172689733,rtx-4090,NVIDIA GeForce RTX 4090,24563,23.99,1637,0.06664495379228921,False,2496,2564,15,67.74,46,7,pytorch/pytorch:2.5.1-cuda12.4-cudnn9-runtime,docker.io/pytorch/pytorch@sha256:c8268a92a69bd500f8be0e665b2630ee006dadaf7bfbc24249141b15ff622755,1ce27a632ac204e95ed192c1da31af6e1067b2211e427d7cb85bb6f0a374e83f,2af98bd34f7c8e44d5654f104bd77cca01f6457cca2c7fa74afa521927eaeb5a,default,ksolver-vram-grid-transformer-fp16-b2-s1536,ksolver-vram-grid-transformer-fp16-b2-s1536-gdkrg,data/raw/1783093913-grid-transformer-fp16-b2-s1536.log,1783093913
1,grid-transformer-fp16-b6-s1536,True,False,,pytorch,2.5.1+cu124,,,,transformer,,fp16,2.0,6,1536,,1024,8,16,adamw,False,,rtx-4090,1,,,,0,166337792,166.337792,75.497472,9216.0,3,3,1.9382476806640625,9.286738830938791,rtx-4090,NVIDIA GeForce RTX 4090,24563,23.99,6209,0.2527785693929895,False,5545,6098,75,96.36,46,8,pytorch/pytorch:2.5.1-cuda12.4-cudnn9-runtime,docker.io/pytorch/pytorch@sha256:c8268a92a69bd500f8be0e665b2630ee006dadaf7bfbc24249141b15ff622755,1ce27a632ac204e95ed192c1da31af6e1067b2211e427d7cb85bb6f0a374e83f,b134525c626268cd22ef9606c8de1b3c4353958f8bd5194dd875734d86655845,default,ksolver-vram-grid-transformer-fp16-b6-s1536,ksolver-vram-grid-transformer-fp16-b6-s1536-bsh29,data/raw/1783093920-grid-transformer-fp16-b6-s1536.log,1783093920
1,grid-cnn-fp32-b64-i160,True,False,,pytorch,2.5.1+cu124,,,,cnn,,fp32,4.0,64,,160,128,8,,sgd,False,,rtx-4090,1,,,,0,33688,0.033688,13.1072,1638400.0,3,3,1.3734121322631836,139.79780394367998,rtx-4090,NVIDIA GeForce RTX 4090,24563,23.99,2255,0.09180474697716078,False,1137,1324,13,73.75,46,5,pytorch/pytorch:2.5.1-cuda12.4-cudnn9-runtime,docker.io/pytorch/pytorch@sha256:c8268a92a69bd500f8be0e665b2630ee006dadaf7bfbc24249141b15ff622755,1ce27a632ac204e95ed192c1da31af6e1067b2211e427d7cb85bb6f0a374e83f,d82ab7b7ce7ab88e1d7d30826cb5e39a62c0998d1c626971f3a1f8cdcc3483fc,default,ksolver-vram-grid-cnn-fp32-b64-i160,ksolver-vram-grid-cnn-fp32-b64-i160-8xxnm,data/raw/1783093926-grid-cnn-fp32-b64-i160.log,1783093926
1,grid-cnn-fp32-b24-i256,True,False,,pytorch,2.5.1+cu124,,,,cnn,,fp32,4.0,24,,256,128,8,,sgd,False,,rtx-4090,1,,,,0,33688,0.033688,12.582912,1572864.0,3,3,1.341996431350708,53.65140943596445,rtx-4090,NVIDIA GeForce RTX 4090,24563,23.99,2313,0.09416602206570858,False,994,1076,15,87.15,45,5,pytorch/pytorch:2.5.1-cuda12.4-cudnn9-runtime,docker.io/pytorch/pytorch@sha256:c8268a92a69bd500f8be0e665b2630ee006dadaf7bfbc24249141b15ff622755,1ce27a632ac204e95ed192c1da31af6e1067b2211e427d7cb85bb6f0a374e83f,9cf7ab7211124674b79aace99815e395c1d33d78d9f492525c1c833f4616f8d1,default,ksolver-vram-grid-cnn-fp32-b24-i256,ksolver-vram-grid-cnn-fp32-b24-i256-d59vq,data/raw/1783093933-grid-cnn-fp32-b24-i256.log,1783093933
1,grid-cnn-fp32-b8-i384,True,False,,pytorch,2.5.1+cu124,,,,cnn,,fp32,4.0,8,,384,192,12,,sgd,False,,rtx-4090,1,,,,0,82960,0.08296,14.155776,1179648.0,3,3,1.2616064548492432,19.023364939003823,rtx-4090,NVIDIA GeForce RTX 4090,24563,23.99,3093,0.12592110084273095,False,1652,1856,12,66.46,45,5,pytorch/pytorch:2.5.1-cuda12.4-cudnn9-runtime,docker.io/pytorch/pytorch@sha256:c8268a92a69bd500f8be0e665b2630ee006dadaf7bfbc24249141b15ff622755,1ce27a632ac204e95ed192c1da31af6e1067b2211e427d7cb85bb6f0a374e83f,87191ab6cb7fd82a41694462685cdb738430b3b88448e89dcf9c6643cb570a39,default,ksolver-vram-grid-cnn-fp32-b8-i384,ksolver-vram-grid-cnn-fp32-b8-i384-92fzr,data/raw/1783093939-grid-cnn-fp32-b8-i384.log,1783093939
1,grid-cnn-fp16-b64-i160,True,False,,pytorch,2.5.1+cu124,,,,cnn,,fp16,2.0,64,,160,128,8,,adamw,False,,rtx-4090,1,,,,0,33688,0.033688,13.1072,1638400.0,3,3,1.447460412979126,132.6461147250518,rtx-4090,NVIDIA GeForce RTX 4090,24563,23.99,2001,0.08146399055489964,False,578,756,7,76.34,45,6,pytorch/pytorch:2.5.1-cuda12.4-cudnn9-runtime,docker.io/pytorch/pytorch@sha256:c8268a92a69bd500f8be0e665b2630ee006dadaf7bfbc24249141b15ff622755,1ce27a632ac204e95ed192c1da31af6e1067b2211e427d7cb85bb6f0a374e83f,9895358e0e2f0e5daf0cecff6f1bd8a1d4751ff323d6ec7eec99a811a3a54af2,default,ksolver-vram-grid-cnn-fp16-b64-i160,ksolver-vram-grid-cnn-fp16-b64-i160-frw9m,data/raw/1783093946-grid-cnn-fp16-b64-i160.log,1783093946
1,grid-cnn-fp16-b24-i256,True,False,,pytorch,2.5.1+cu124,,,,cnn,,fp16,2.0,24,,256,128,8,,adamw,False,,rtx-4090,1,,,,0,33688,0.033688,12.582912,1572864.0,3,3,1.1932837963104248,60.337700237462776,rtx-4090,NVIDIA GeForce RTX 4090,24563,23.99,1757,0.07153035052721574,False,557,728,9,62.26,45,5,pytorch/pytorch:2.5.1-cuda12.4-cudnn9-runtime,docker.io/pytorch/pytorch@sha256:c8268a92a69bd500f8be0e665b2630ee006dadaf7bfbc24249141b15ff622755,1ce27a632ac204e95ed192c1da31af6e1067b2211e427d7cb85bb6f0a374e83f,fe98836e312062cd7901900d5af1818da3a5c93a5d84c40c816e3ed19f3df953,default,ksolver-vram-grid-cnn-fp16-b24-i256,ksolver-vram-grid-cnn-fp16-b24-i256-mml9v,data/raw/1783093952-grid-cnn-fp16-b24-i256.log,1783093952
1,grid-cnn-fp16-b8-i384,True,False,,pytorch,2.5.1+cu124,,,,cnn,,fp16,2.0,8,,384,192,12,,adamw,False,,rtx-4090,1,,,,0,82960,0.08296,14.155776,1179648.0,3,3,1.4700450897216797,16.32602983935946,rtx-4090,NVIDIA GeForce RTX 4090,24563,23.99,2147,0.0874078899157269,False,834,902,12,83.41,45,6,pytorch/pytorch:2.5.1-cuda12.4-cudnn9-runtime,docker.io/pytorch/pytorch@sha256:c8268a92a69bd500f8be0e665b2630ee006dadaf7bfbc24249141b15ff622755,1ce27a632ac204e95ed192c1da31af6e1067b2211e427d7cb85bb6f0a374e83f,4d8baa06ffb8236060026326b0c7fd16757e19d50b7f2f6eb1259e53e1e4bc2a,default,ksolver-vram-grid-cnn-fp16-b8-i384,ksolver-vram-grid-cnn-fp16-b8-i384-jdhd5,data/raw/1783093958-grid-cnn-fp16-b8-i384.log,1783093958
1,grid-pressure-transformer-pad8g,True,False,,pytorch,2.5.1+cu124,,,,transformer,,fp16,2.0,2,1024,,1536,10,16,adamw,False,,rtx-4090,1,,,,8192,381651200,381.6512,31.45728,2048.0,2,2,2.945321559906006,1.3580860081463064,rtx-4090,NVIDIA GeForce RTX 4090,24563,23.99,10231,0.41652078329194314,False,11989,12558,50,87.3,45,12,pytorch/pytorch:2.5.1-cuda12.4-cudnn9-runtime,docker.io/pytorch/pytorch@sha256:c8268a92a69bd500f8be0e665b2630ee006dadaf7bfbc24249141b15ff622755,1ce27a632ac204e95ed192c1da31af6e1067b2211e427d7cb85bb6f0a374e83f,5c5e847c3ca1e517e0730ee28870845efe51245ffdf3aef182801c91fd7ebd92,default,ksolver-vram-grid-pressure-transformer-pad8g,ksolver-vram-grid-pressure-transformer-pad8g-rbmn4,data/raw/1783093966-grid-pressure-transformer-pad8g.log,1783093966
1,grid-pressure-transformer-pad18g,True,False,,pytorch,2.5.1+cu124,,,,transformer,,fp16,2.0,2,1024,,1536,10,16,adamw,False,,rtx-4090,1,,,,18432,381651200,381.6512,31.45728,2048.0,2,2,3.021986484527588,1.3236326570220582,rtx-4090,NVIDIA GeForce RTX 4090,24563,23.99,21687,0.8829133249195945,False,22229,22798,95,91.63,45,12,pytorch/pytorch:2.5.1-cuda12.4-cudnn9-runtime,docker.io/pytorch/pytorch@sha256:c8268a92a69bd500f8be0e665b2630ee006dadaf7bfbc24249141b15ff622755,1ce27a632ac204e95ed192c1da31af6e1067b2211e427d7cb85bb6f0a374e83f,12c2b4273663aaf944c016a391cc4de00b182029d098db0db50a8bb599526d81,default,ksolver-vram-grid-pressure-transformer-pad18g,ksolver-vram-grid-pressure-transformer-pad18g-fk2ph,data/raw/1783093974-grid-pressure-transformer-pad18g.log,1783093974
1,focus-cnn-fp32-b48-i224,True,False,,pytorch,2.5.1+cu124,,,,cnn,,fp32,4.0,48,,224,128,10,,sgd,False,,rtx-4090,1,,,,0,38328,0.038328,24.08448,2408448.0,3,3,1.276160717010498,112.8384521483554,rtx-4090,NVIDIA GeForce RTX 4090,24563,23.99,3424,0.13939665350323657,False,1968,2250,21,70.77,45,5,pytorch/pytorch:2.5.1-cuda12.4-cudnn9-runtime,docker.io/pytorch/pytorch@sha256:c8268a92a69bd500f8be0e665b2630ee006dadaf7bfbc24249141b15ff622755,1ce27a632ac204e95ed192c1da31af6e1067b2211e427d7cb85bb6f0a374e83f,cd1e5e28cca44fd5c56a59ae000b5613f86c190d0aaf8ce17f427430488124ec,default,ksolver-vram-focus-cnn-fp32-b48-i224,ksolver-vram-focus-cnn-fp32-b48-i224-mr7t2,data/raw/1783093981-focus-cnn-fp32-b48-i224.log,1783093981
1,focus-cnn-fp32-b16-i320,True,False,,pytorch,2.5.1+cu124,,,,cnn,,fp32,4.0,16,,320,192,12,,sgd,False,,rtx-4090,1,,,,0,82960,0.08296,19.6608,1638400.0,3,3,1.2559051513671875,38.219446705626495,rtx-4090,NVIDIA GeForce RTX 4090,24563,23.99,3442,0.14012946301347556,False,2135,2272,23,70.3,44,5,pytorch/pytorch:2.5.1-cuda12.4-cudnn9-runtime,docker.io/pytorch/pytorch@sha256:c8268a92a69bd500f8be0e665b2630ee006dadaf7bfbc24249141b15ff622755,1ce27a632ac204e95ed192c1da31af6e1067b2211e427d7cb85bb6f0a374e83f,f25ce662803dd472ffc0ebd570816895e13304bc18e3754758e4b5f8907e7249,default,ksolver-vram-focus-cnn-fp32-b16-i320,ksolver-vram-focus-cnn-fp32-b16-i320-lhkj5,data/raw/1783093987-focus-cnn-fp32-b16-i320.log,1783093987
1,focus-cnn-fp16-b32-i224,True,False,,pytorch,2.5.1+cu124,,,,cnn,,fp16,2.0,32,,224,128,10,,adamw,False,,rtx-4090,1,,,,0,38328,0.038328,16.05632,1605632.0,3,3,1.2753586769104004,75.27294222246816,rtx-4090,NVIDIA GeForce RTX 4090,24563,23.99,2028,0.08256320482025811,False,667,846,11,70.59,44,5,pytorch/pytorch:2.5.1-cuda12.4-cudnn9-runtime,docker.io/pytorch/pytorch@sha256:c8268a92a69bd500f8be0e665b2630ee006dadaf7bfbc24249141b15ff622755,1ce27a632ac204e95ed192c1da31af6e1067b2211e427d7cb85bb6f0a374e83f,59d96cef6a13ea40c82ffefa1e4ce61e23d66d41158cae59e7449aa17e74559a,default,ksolver-vram-focus-cnn-fp16-b32-i224,ksolver-vram-focus-cnn-fp16-b32-i224-7w8kj,data/raw/1783093993-focus-cnn-fp16-b32-i224.log,1783093993
1,focus-cnn-fp16-b12-i320,True,False,,pytorch,2.5.1+cu124,,,,cnn,,fp16,2.0,12,,320,192,12,,adamw,False,,rtx-4090,1,,,,0,82960,0.08296,14.7456,1228800.0,3,3,1.5184919834136963,23.70773135006548,rtx-4090,NVIDIA GeForce RTX 4090,24563,23.99,2146,0.08736717827626919,False,869,964,21,81.95,44,6,pytorch/pytorch:2.5.1-cuda12.4-cudnn9-runtime,docker.io/pytorch/pytorch@sha256:c8268a92a69bd500f8be0e665b2630ee006dadaf7bfbc24249141b15ff622755,1ce27a632ac204e95ed192c1da31af6e1067b2211e427d7cb85bb6f0a374e83f,afaeb74bbc7961e4306a12b963291ca54b144e6fda9b543cc43296ea94f56c8a,default,ksolver-vram-focus-cnn-fp16-b12-i320,ksolver-vram-focus-cnn-fp16-b12-i320-4bfls,data/raw/1783094000-focus-cnn-fp16-b12-i320.log,1783094000
1,focus-cnn-fp16-b16-i384-pad6g,True,False,,pytorch,2.5.1+cu124,,,,cnn,,fp16,2.0,16,,384,192,12,,adamw,False,,rtx-4090,1,,,,6144,82960,0.08296,28.311552,2359296.0,3,3,1.4728999137878418,32.58877236034245,rtx-4090,NVIDIA GeForce RTX 4090,24563,23.99,9100,0.3704759190652608,False,7795,7918,70,95.5,44,6,pytorch/pytorch:2.5.1-cuda12.4-cudnn9-runtime,docker.io/pytorch/pytorch@sha256:c8268a92a69bd500f8be0e665b2630ee006dadaf7bfbc24249141b15ff622755,1ce27a632ac204e95ed192c1da31af6e1067b2211e427d7cb85bb6f0a374e83f,a2c291e178fbb9d58cb4581f7e7bd765a46d572eb06d4e309dedab33078d941c,default,ksolver-vram-focus-cnn-fp16-b16-i384-pad6g,ksolver-vram-focus-cnn-fp16-b16-i384-pad6g-sv958,data/raw/1783094007-focus-cnn-fp16-b16-i384-pad6g.log,1783094007
1,focus-cnn-fp16-b16-i384-pad10g,True,False,,pytorch,2.5.1+cu124,,,,cnn,,fp16,2.0,16,,384,192,12,,adamw,False,,rtx-4090,1,,,,10240,82960,0.08296,28.311552,2359296.0,3,3,1.6019158363342285,29.964121030129537,rtx-4090,NVIDIA GeForce RTX 4090,24563,23.99,13196,0.5372307942840858,False,11891,12014,41,93.83,45,6,pytorch/pytorch:2.5.1-cuda12.4-cudnn9-runtime,docker.io/pytorch/pytorch@sha256:c8268a92a69bd500f8be0e665b2630ee006dadaf7bfbc24249141b15ff622755,1ce27a632ac204e95ed192c1da31af6e1067b2211e427d7cb85bb6f0a374e83f,b8199d1fdebdf716b443c1d4630340044f6ee213b25ff127aa2db492c0daad3b,default,ksolver-vram-focus-cnn-fp16-b16-i384-pad10g,ksolver-vram-focus-cnn-fp16-b16-i384-pad10g-b5lxj,data/raw/1783094014-focus-cnn-fp16-b16-i384-pad10g.log,1783094014
1,focus-mlp-fp32-b64-s1024-h2048,True,False,,pytorch,2.5.1+cu124,,,,mlp,,fp32,4.0,64,1024,,2048,6,,adamw,False,,rtx-4090,1,,,,0,20982784,20.982784,805.306368,65536.0,3,3,1.0161752700805664,188.94378327547517,rtx-4090,NVIDIA GeForce RTX 4090,24563,23.99,1210,0.04926108374384237,False,417,448,9,53.8,44,4,pytorch/pytorch:2.5.1-cuda12.4-cudnn9-runtime,docker.io/pytorch/pytorch@sha256:c8268a92a69bd500f8be0e665b2630ee006dadaf7bfbc24249141b15ff622755,1ce27a632ac204e95ed192c1da31af6e1067b2211e427d7cb85bb6f0a374e83f,2c6e124af0e728765d0d0f7851724de1fb0b82a2d4797c02801ec332053877a7,default,ksolver-vram-focus-mlp-fp32-b64-s1024-h2048,ksolver-vram-focus-mlp-fp32-b64-s1024-h2048-fplsq,data/raw/1783094020-focus-mlp-fp32-b64-s1024-h2048.log,1783094020
1,focus-mlp-fp16-b256-s1024-h2048,True,False,,pytorch,2.5.1+cu124,,,,mlp,,fp16,2.0,256,1024,,2048,6,,adamw,False,,rtx-4090,1,,,,0,20982784,20.982784,3221.225472,262144.0,3,3,1.2132072448730469,633.0328171427673,rtx-4090,NVIDIA GeForce RTX 4090,24563,23.99,1244,0.05064527948540488,False,219,258,8,56.53,45,5,pytorch/pytorch:2.5.1-cuda12.4-cudnn9-runtime,docker.io/pytorch/pytorch@sha256:c8268a92a69bd500f8be0e665b2630ee006dadaf7bfbc24249141b15ff622755,1ce27a632ac204e95ed192c1da31af6e1067b2211e427d7cb85bb6f0a374e83f,fa9bcbca5e45308b3c9d60f821d3e43821ad89f8a9829a97e1cbe7c5b7533c35,default,ksolver-vram-focus-mlp-fp16-b256-s1024-h2048,ksolver-vram-focus-mlp-fp16-b256-s1024-h2048-bs82h,data/raw/1783094026-focus-mlp-fp16-b256-s1024-h2048.log,1783094026
1,focus-mlp-fp32-b128-s2048-h2048,True,False,,pytorch,2.5.1+cu124,,,,mlp,,fp32,4.0,128,2048,,2048,8,,sgd,False,,rtx-4090,1,,,,0,33570816,33.570816,4294.967296,262144.0,3,3,1.2514171600341797,306.8521131590619,rtx-4090,NVIDIA GeForce RTX 4090,24563,23.99,1468,0.059764686723934375,False,278,298,5,54.96,45,5,pytorch/pytorch:2.5.1-cuda12.4-cudnn9-runtime,docker.io/pytorch/pytorch@sha256:c8268a92a69bd500f8be0e665b2630ee006dadaf7bfbc24249141b15ff622755,1ce27a632ac204e95ed192c1da31af6e1067b2211e427d7cb85bb6f0a374e83f,1c52e196dfeb25e016a5c6ac5ef642e9289c674a18d409ebb759da355dab33b3,default,ksolver-vram-focus-mlp-fp32-b128-s2048-h2048,ksolver-vram-focus-mlp-fp32-b128-s2048-h2048-qzsjm,data/raw/1783094032-focus-mlp-fp32-b128-s2048-h2048.log,1783094032
1,focus-mlp-fp16-b512-s2048-h2048,True,False,,pytorch,2.5.1+cu124,,,,mlp,,fp16,2.0,512,2048,,2048,8,,sgd,False,,rtx-4090,1,,,,0,33570816,33.570816,17179.869184,1048576.0,3,3,1.2061469554901123,1273.4766630288873,rtx-4090,NVIDIA GeForce RTX 4090,24563,23.99,1268,0.05162235883239018,False,164,202,11,56.31,45,5,pytorch/pytorch:2.5.1-cuda12.4-cudnn9-runtime,docker.io/pytorch/pytorch@sha256:c8268a92a69bd500f8be0e665b2630ee006dadaf7bfbc24249141b15ff622755,1ce27a632ac204e95ed192c1da31af6e1067b2211e427d7cb85bb6f0a374e83f,137279e2e829165841602701d1b38d0ea8e02a16c65d6e45f9c697e1854b9f19,default,ksolver-vram-focus-mlp-fp16-b512-s2048-h2048,ksolver-vram-focus-mlp-fp16-b512-s2048-h2048-kkvlg,data/raw/1783094038-focus-mlp-fp16-b512-s2048-h2048.log,1783094038
1,focus-mlp-fp16-b128-s1024-pad8g,True,False,,pytorch,2.5.1+cu124,,,,mlp,,fp16,2.0,128,1024,,1024,4,,adamw,False,,rtx-4090,1,,,,8192,4198400,4.1984,536.870912,131072.0,2,2,1.1795847415924072,217.02552684295236,rtx-4090,NVIDIA GeForce RTX 4090,24563,23.99,9378,0.38179375483450717,False,8249,8258,77,71.49,46,5,pytorch/pytorch:2.5.1-cuda12.4-cudnn9-runtime,docker.io/pytorch/pytorch@sha256:c8268a92a69bd500f8be0e665b2630ee006dadaf7bfbc24249141b15ff622755,1ce27a632ac204e95ed192c1da31af6e1067b2211e427d7cb85bb6f0a374e83f,5c2a31f7ccb18463376e740a8cc5f905cb12caa6f731d136281d30ebbdc9f160,default,ksolver-vram-focus-mlp-fp16-b128-s1024-pad8g,ksolver-vram-focus-mlp-fp16-b128-s1024-pad8g-9lkn7,data/raw/1783094045-focus-mlp-fp16-b128-s1024-pad8g.log,1783094045
1,focus-mlp-fp16-b128-s1024-pad16g,True,False,,pytorch,2.5.1+cu124,,,,mlp,,fp16,2.0,128,1024,,1024,4,,adamw,False,,rtx-4090,1,,,,16384,4198400,4.1984,536.870912,131072.0,2,2,1.4756999015808105,173.47700553870453,rtx-4090,NVIDIA GeForce RTX 4090,24563,23.99,17578,0.7156291983878191,False,16441,16450,96,88.39,46,6,pytorch/pytorch:2.5.1-cuda12.4-cudnn9-runtime,docker.io/pytorch/pytorch@sha256:c8268a92a69bd500f8be0e665b2630ee006dadaf7bfbc24249141b15ff622755,1ce27a632ac204e95ed192c1da31af6e1067b2211e427d7cb85bb6f0a374e83f,ae3c777f0708248b781c48bc49b7cba6132df353b20272b80d3a411ba4c52552,default,ksolver-vram-focus-mlp-fp16-b128-s1024-pad16g,ksolver-vram-focus-mlp-fp16-b128-s1024-pad16g-wrr7v,data/raw/1783094052-focus-mlp-fp16-b128-s1024-pad16g.log,1783094052
1,overnight-cnn-resnet-fp32-b64-i160,True,False,,pytorch,2.5.1+cu124,pytorch-image-classification,,,cnn,resnet,fp32,4.0,64,,160,128,8,,sgd,False,1,rtx-4090,1,,,,0,57032,0.057032,13.1072,1638400.0,3,3,1.411980152130127,135.97924851163592,rtx-4090,NVIDIA GeForce RTX 4090,24563,23.99,2154,0.08769287139193095,False,996,1088,13,76.04,51,6,pytorch/pytorch:2.5.1-cuda12.4-cudnn9-runtime,docker.io/pytorch/pytorch@sha256:c8268a92a69bd500f8be0e665b2630ee006dadaf7bfbc24249141b15ff622755,c9cdc36d3ef1480b563140c2bdd0fc01e5c016f694c230eaf011a23fbc2f6301,ce7af21124bf424962281e13e3a4a1cd2f1c6ad02ca663e35c795d6cc4ec019a,default,ksolver-vram-overnight-cnn-resnet-fp32-b64-i160,ksolver-vram-overnight-cnn-resnet-fp32-b64-i160-6cs87,data/raw/1783094861-overnight-cnn-resnet-fp32-b64-i160.log,1783094861
1,overnight-cnn-resnet-fp32-b32-i224,True,False,,pytorch,2.5.1+cu124,pytorch-image-classification,,,cnn,resnet,fp32,4.0,32,,224,128,8,,sgd,False,1,rtx-4090,1,,,,0,57032,0.057032,12.845056,1605632.0,3,3,1.42140531539917,67.53879344614703,rtx-4090,NVIDIA GeForce RTX 4090,24563,23.99,2256,0.0918454586166185,False,943,1084,13,73.39,51,6,pytorch/pytorch:2.5.1-cuda12.4-cudnn9-runtime,docker.io/pytorch/pytorch@sha256:c8268a92a69bd500f8be0e665b2630ee006dadaf7bfbc24249141b15ff622755,c9cdc36d3ef1480b563140c2bdd0fc01e5c016f694c230eaf011a23fbc2f6301,23bcd1e91bfc7d7e3619ca41842b5899602263ccaff5c569e08fc960e6cfefc5,default,ksolver-vram-overnight-cnn-resnet-fp32-b32-i224,ksolver-vram-overnight-cnn-resnet-fp32-b32-i224-rrgjp,data/raw/1783094868-overnight-cnn-resnet-fp32-b32-i224.log,1783094868
1,overnight-cnn-resnet-fp32-b12-i320,True,False,,pytorch,2.5.1+cu124,pytorch-image-classification,,,cnn,resnet,fp32,4.0,12,,320,128,12,,sgd,False,1,rtx-4090,1,,,,0,75848,0.075848,14.7456,1228800.0,3,3,1.4788110256195068,24.343881250762788,rtx-4090,NVIDIA GeForce RTX 4090,24563,23.99,2288,0.09314823107926556,False,1025,1154,15,79.04,50,6,pytorch/pytorch:2.5.1-cuda12.4-cudnn9-runtime,docker.io/pytorch/pytorch@sha256:c8268a92a69bd500f8be0e665b2630ee006dadaf7bfbc24249141b15ff622755,c9cdc36d3ef1480b563140c2bdd0fc01e5c016f694c230eaf011a23fbc2f6301,7c8492e835658281aa49252147a8ad72193a762992ecb129f0dbeebf45c6b805,default,ksolver-vram-overnight-cnn-resnet-fp32-b12-i320,ksolver-vram-overnight-cnn-resnet-fp32-b12-i320-5jfd9,data/raw/1783094875-overnight-cnn-resnet-fp32-b12-i320.log,1783094875
1,overnight-cnn-resnet-fp32-b8-i384,True,False,,pytorch,2.5.1+cu124,pytorch-image-classification,,,cnn,resnet,fp32,4.0,8,,384,128,12,,sgd,False,1,rtx-4090,1,,,,0,75848,0.075848,14.155776,1179648.0,3,3,1.4539461135864258,16.506801576572588,rtx-4090,NVIDIA GeForce RTX 4090,24563,23.99,2218,0.0902984163172251,False,985,1046,16,74.81,49,6,pytorch/pytorch:2.5.1-cuda12.4-cudnn9-runtime,docker.io/pytorch/pytorch@sha256:c8268a92a69bd500f8be0e665b2630ee006dadaf7bfbc24249141b15ff622755,c9cdc36d3ef1480b563140c2bdd0fc01e5c016f694c230eaf011a23fbc2f6301,b990e7d7e7d2c0a1cf465e010432e7a8c3121867e448fdac124e5d835bd258ee,default,ksolver-vram-overnight-cnn-resnet-fp32-b8-i384,ksolver-vram-overnight-cnn-resnet-fp32-b8-i384-rqmnl,data/raw/1783094882-overnight-cnn-resnet-fp32-b8-i384.log,1783094882
1,overnight-cnn-resnet-fp16-b64-i160,True,False,,pytorch,2.5.1+cu124,pytorch-image-classification,,,cnn,resnet,fp16,2.0,64,,160,128,8,,adamw,False,1,rtx-4090,1,,,,0,57032,0.057032,13.1072,1638400.0,3,3,1.6888008117675781,113.6901395724957,rtx-4090,NVIDIA GeForce RTX 4090,24563,23.99,1742,0.07091967593534991,False,504,562,12,77.21,49,7,pytorch/pytorch:2.5.1-cuda12.4-cudnn9-runtime,docker.io/pytorch/pytorch@sha256:c8268a92a69bd500f8be0e665b2630ee006dadaf7bfbc24249141b15ff622755,c9cdc36d3ef1480b563140c2bdd0fc01e5c016f694c230eaf011a23fbc2f6301,38df16bbd14f30b014de98a6b0b0573d2ddb39d80716a9f14e1ca75746b3be5f,default,ksolver-vram-overnight-cnn-resnet-fp16-b64-i160,ksolver-vram-overnight-cnn-resnet-fp16-b64-i160-qv67h,data/raw/1783094889-overnight-cnn-resnet-fp16-b64-i160.log,1783094889
1,overnight-cnn-resnet-fp16-b32-i224,True,False,,pytorch,2.5.1+cu124,pytorch-image-classification,,,cnn,resnet,fp16,2.0,32,,224,128,8,,adamw,False,1,rtx-4090,1,,,,0,57032,0.057032,12.845056,1605632.0,3,3,1.2099120616912842,79.34460944690949,rtx-4090,NVIDIA GeForce RTX 4090,24563,23.99,1654,0.06733705166307047,False,480,534,13,64.42,48,5,pytorch/pytorch:2.5.1-cuda12.4-cudnn9-runtime,docker.io/pytorch/pytorch@sha256:c8268a92a69bd500f8be0e665b2630ee006dadaf7bfbc24249141b15ff622755,c9cdc36d3ef1480b563140c2bdd0fc01e5c016f694c230eaf011a23fbc2f6301,354deb2e3d695892c1225a5b238bdca680b432f96cb90301ce663ed4aaaa2550,default,ksolver-vram-overnight-cnn-resnet-fp16-b32-i224,ksolver-vram-overnight-cnn-resnet-fp16-b32-i224-hgg9k,data/raw/1783094897-overnight-cnn-resnet-fp16-b32-i224.log,1783094897
1,overnight-cnn-resnet-fp16-b12-i320,True,False,,pytorch,2.5.1+cu124,pytorch-image-classification,,,cnn,resnet,fp16,2.0,12,,320,128,12,,adamw,False,1,rtx-4090,1,,,,0,75848,0.075848,14.7456,1228800.0,3,3,1.519155740737915,23.697372846389896,rtx-4090,NVIDIA GeForce RTX 4090,24563,23.99,1756,0.07148963888775801,False,522,576,13,73.14,48,6,pytorch/pytorch:2.5.1-cuda12.4-cudnn9-runtime,docker.io/pytorch/pytorch@sha256:c8268a92a69bd500f8be0e665b2630ee006dadaf7bfbc24249141b15ff622755,c9cdc36d3ef1480b563140c2bdd0fc01e5c016f694c230eaf011a23fbc2f6301,c32d9d9a8733e9acfb3c55402db0bbdf5c0322228de10a65e5ed7a9be5795ea5,default,ksolver-vram-overnight-cnn-resnet-fp16-b12-i320,ksolver-vram-overnight-cnn-resnet-fp16-b12-i320-b92dm,data/raw/1783094904-overnight-cnn-resnet-fp16-b12-i320.log,1783094904
1,overnight-cnn-resnet-fp16-b8-i384,True,False,,pytorch,2.5.1+cu124,pytorch-image-classification,,,cnn,resnet,fp16,2.0,8,,384,128,12,,adamw,False,1,rtx-4090,1,,,,0,75848,0.075848,14.155776,1179648.0,3,3,1.3008031845092773,18.450139333763932,rtx-4090,NVIDIA GeForce RTX 4090,24563,23.99,1726,0.07026828970402638,False,502,592,9,64.76,48,5,pytorch/pytorch:2.5.1-cuda12.4-cudnn9-runtime,docker.io/pytorch/pytorch@sha256:c8268a92a69bd500f8be0e665b2630ee006dadaf7bfbc24249141b15ff622755,c9cdc36d3ef1480b563140c2bdd0fc01e5c016f694c230eaf011a23fbc2f6301,5abdb27e61ff12743ce27f71b03efcf207aadd774c37d41c459b061a1ba53c0f,default,ksolver-vram-overnight-cnn-resnet-fp16-b8-i384,ksolver-vram-overnight-cnn-resnet-fp16-b8-i384-c7nr9,data/raw/1783094911-overnight-cnn-resnet-fp16-b8-i384.log,1783094911
1,smoke-mlp,True,False,,pytorch,2.5.1+cu124,synthetic,,,mlp,mlp,fp32,4.0,64,256,,1024,4,,adamw,False,1,rtx-4090,1,,,0.2,0,2624768,2.624768,67.108864,16384.0,4,4,1.1599507331848145,220.69902856745867,rtx-4090,NVIDIA GeForce RTX 4090,24563,23.99,1193,0.04856898587306111,False,66,94,10,60.46,50,4,pytorch/pytorch:2.5.1-cuda12.4-cudnn9-runtime,docker.io/pytorch/pytorch@sha256:c8268a92a69bd500f8be0e665b2630ee006dadaf7bfbc24249141b15ff622755,9f9c89fe3fbadc73b5faa44b08df9a91fe10e27ee249979b22f9fdc78a0af673,220c91c4c07ea63d96d318f956c019cf99ecc742e58798878fda20e7e20ee5cf,default,ksolver-vram-smoke-mlp,ksolver-vram-smoke-mlp-4pzhq,data/raw/1783097281-smoke-mlp.log,1783097281
1,mlp-batch128-fp32,True,False,,pytorch,2.5.1+cu124,synthetic,,,mlp,mlp,fp32,4.0,128,512,,1536,6,,adamw,False,1,rtx-4090,1,,,0.2,0,11018240,11.01824,603.979776,65536.0,4,4,1.241321086883545,412.4637899170994,rtx-4090,NVIDIA GeForce RTX 4090,24563,23.99,1447,0.05890974229532223,False,227,272,13,60.13,50,5,pytorch/pytorch:2.5.1-cuda12.4-cudnn9-runtime,docker.io/pytorch/pytorch@sha256:c8268a92a69bd500f8be0e665b2630ee006dadaf7bfbc24249141b15ff622755,9f9c89fe3fbadc73b5faa44b08df9a91fe10e27ee249979b22f9fdc78a0af673,5a689f5dd780bc6b407fab7763d7ae399e14082c9af8f1124445e47907cc9208,default,ksolver-vram-mlp-batch128-fp32,ksolver-vram-mlp-batch128-fp32-r62cd,data/raw/1783097287-mlp-batch128-fp32.log,1783097287
1,mlp-batch256-fp16,True,False,,pytorch,2.5.1+cu124,synthetic,,,mlp,mlp,fp16,2.0,256,512,,1536,6,,adamw,False,1,rtx-4090,1,,,0.2,0,11018240,11.01824,1207.959552,131072.0,4,4,1.2091281414031982,846.8912143684322,rtx-4090,NVIDIA GeForce RTX 4090,24563,23.99,1227,0.04995318161462362,False,126,154,5,61.89,50,5,pytorch/pytorch:2.5.1-cuda12.4-cudnn9-runtime,docker.io/pytorch/pytorch@sha256:c8268a92a69bd500f8be0e665b2630ee006dadaf7bfbc24249141b15ff622755,9f9c89fe3fbadc73b5faa44b08df9a91fe10e27ee249979b22f9fdc78a0af673,ff6fba680bc5e4792b80dbf39fc82df1e7fd70c181a90a3128c4e5237c68541f,default,ksolver-vram-mlp-batch256-fp16,ksolver-vram-mlp-batch256-fp16-nbhpk,data/raw/1783097293-mlp-batch256-fp16.log,1783097293
1,transformer-small-fp32,True,False,,pytorch,2.5.1+cu124,synthetic,,,transformer,transformer,fp32,4.0,4,512,,768,6,12,adamw,False,1,rtx-4090,1,,,0.2,0,91711232,91.711232,9.437184,2048.0,5,5,1.8068959712982178,11.068705845655524,rtx-4090,NVIDIA GeForce RTX 4090,24563,23.99,4149,0.16891259211008428,False,2685,2974,71,104.46,62,7,pytorch/pytorch:2.5.1-cuda12.4-cudnn9-runtime,docker.io/pytorch/pytorch@sha256:c8268a92a69bd500f8be0e665b2630ee006dadaf7bfbc24249141b15ff622755,9f9c89fe3fbadc73b5faa44b08df9a91fe10e27ee249979b22f9fdc78a0af673,72a948b2db4f715c5864e86750b605a24a383fe31600b85ebcaa4770a3d08fb6,default,ksolver-vram-transformer-small-fp32,ksolver-vram-transformer-small-fp32-lcpsf,data/raw/1783097300-transformer-small-fp32.log,1783097300
1,transformer-small-sgd-fp32,True,False,,pytorch,2.5.1+cu124,synthetic,,,transformer,transformer,fp32,4.0,4,512,,768,6,12,sgd,False,1,rtx-4090,1,,,0.2,0,91711232,91.711232,9.437184,2048.0,5,5,1.4792370796203613,13.520483143332845,rtx-4090,NVIDIA GeForce RTX 4090,24563,23.99,2703,0.11004356145421976,False,1985,2286,19,59.86,50,6,pytorch/pytorch:2.5.1-cuda12.4-cudnn9-runtime,docker.io/pytorch/pytorch@sha256:c8268a92a69bd500f8be0e665b2630ee006dadaf7bfbc24249141b15ff622755,9f9c89fe3fbadc73b5faa44b08df9a91fe10e27ee249979b22f9fdc78a0af673,a199d6f354e5daab7bb176668e7b6720f10c3d0d7b901abc33158afc2fe5001f,default,ksolver-vram-transformer-small-sgd-fp32,ksolver-vram-transformer-small-sgd-fp32-5mnsh,data/raw/1783097307-transformer-small-sgd-fp32.log,1783097308
1,transformer-small-fp16,True,False,,pytorch,2.5.1+cu124,synthetic,,,transformer,transformer,fp16,2.0,8,512,,768,6,12,adamw,False,1,rtx-4090,1,,,0.2,0,91711232,91.711232,18.874368,4096.0,5,5,1.7484972476959229,22.876787511510173,rtx-4090,NVIDIA GeForce RTX 4090,24563,23.99,3505,0.14269429629931196,False,2128,2324,24,88.52,49,7,pytorch/pytorch:2.5.1-cuda12.4-cudnn9-runtime,docker.io/pytorch/pytorch@sha256:c8268a92a69bd500f8be0e665b2630ee006dadaf7bfbc24249141b15ff622755,9f9c89fe3fbadc73b5faa44b08df9a91fe10e27ee249979b22f9fdc78a0af673,a04d27c7a2e3a11286838bfa7413cd7965c5c47f64712052dee293e75933d4be,default,ksolver-vram-transformer-small-fp16,ksolver-vram-transformer-small-fp16-6nsbx,data/raw/1783097314-transformer-small-fp16.log,1783097315
1,transformer-batch16-fp16,True,False,,pytorch,2.5.1+cu124,synthetic,,,transformer,transformer,fp16,2.0,16,512,,768,6,12,adamw,False,1,rtx-4090,1,,,0.2,0,91711232,91.711232,37.748736,8192.0,4,4,1.6960148811340332,37.73551795560112,rtx-4090,NVIDIA GeForce RTX 4090,24563,23.99,4571,0.1860929039612425,False,3715,3890,17,75.39,49,7,pytorch/pytorch:2.5.1-cuda12.4-cudnn9-runtime,docker.io/pytorch/pytorch@sha256:c8268a92a69bd500f8be0e665b2630ee006dadaf7bfbc24249141b15ff622755,9f9c89fe3fbadc73b5faa44b08df9a91fe10e27ee249979b22f9fdc78a0af673,618f2d91855ddb8bd3b687ddf4cf1982acfde670573e126cfafd6b0afdf068de,default,ksolver-vram-transformer-batch16-fp16,ksolver-vram-transformer-batch16-fp16-gcs8c,data/raw/1783097322-transformer-batch16-fp16.log,1783097322
1,transformer-seq1024-fp32,True,False,,pytorch,2.5.1+cu124,synthetic,,,transformer,transformer,fp32,4.0,2,1024,,1024,8,16,adamw,False,1,rtx-4090,1,,,0.2,0,166337792,166.337792,16.777216,2048.0,4,4,1.9411473274230957,4.12127399449898,rtx-4090,NVIDIA GeForce RTX 4090,24563,23.99,5567,0.22664169686113259,False,4021,4392,54,132.92,49,8,pytorch/pytorch:2.5.1-cuda12.4-cudnn9-runtime,docker.io/pytorch/pytorch@sha256:c8268a92a69bd500f8be0e665b2630ee006dadaf7bfbc24249141b15ff622755,9f9c89fe3fbadc73b5faa44b08df9a91fe10e27ee249979b22f9fdc78a0af673,876b5a14cd12af70a4b275d5ae79968ef49e631d2b9df57af7ea55437e7e75c8,default,ksolver-vram-transformer-seq1024-fp32,ksolver-vram-transformer-seq1024-fp32-62qv4,data/raw/1783097329-transformer-seq1024-fp32.log,1783097329
1,transformer-longseq-fp16,True,False,,pytorch,2.5.1+cu124,synthetic,,,transformer,transformer,fp16,2.0,2,2048,,1024,8,16,adamw,False,1,rtx-4090,1,,,0.2,0,166337792,166.337792,33.554432,4096.0,4,4,1.9836297035217285,4.033010791175808,rtx-4090,NVIDIA GeForce RTX 4090,24563,23.99,4381,0.17835769246427555,False,3002,3200,22,84.16,48,8,pytorch/pytorch:2.5.1-cuda12.4-cudnn9-runtime,docker.io/pytorch/pytorch@sha256:c8268a92a69bd500f8be0e665b2630ee006dadaf7bfbc24249141b15ff622755,9f9c89fe3fbadc73b5faa44b08df9a91fe10e27ee249979b22f9fdc78a0af673,a9d720054d46940c8273c52d9e8d9043d00642cd60d758b9338585fe6efb8cc2,default,ksolver-vram-transformer-longseq-fp16,ksolver-vram-transformer-longseq-fp16-8kkds,data/raw/1783097336-transformer-longseq-fp16.log,1783097336
1,transformer-wide-fp16,True,False,,pytorch,2.5.1+cu124,synthetic,,,transformer,transformer,fp16,2.0,2,1024,,1536,10,16,adamw,False,1,rtx-4090,1,,,0.2,0,381651200,381.6512,31.45728,2048.0,3,3,2.6818511486053467,2.237260633618761,rtx-4090,NVIDIA GeForce RTX 4090,24563,23.99,5547,0.22582746407197818,False,3797,4366,64,90.3,48,11,pytorch/pytorch:2.5.1-cuda12.4-cudnn9-runtime,docker.io/pytorch/pytorch@sha256:c8268a92a69bd500f8be0e665b2630ee006dadaf7bfbc24249141b15ff622755,9f9c89fe3fbadc73b5faa44b08df9a91fe10e27ee249979b22f9fdc78a0af673,43db4973543e67ff54d5463a474720efa97d192d4bd3fd8fcbb2cd9aea51616f,default,ksolver-vram-transformer-wide-fp16,ksolver-vram-transformer-wide-fp16-bxjw8,data/raw/1783097344-transformer-wide-fp16.log,1783097344
1,transformer-checkpointed-fp16,True,False,,pytorch,2.5.1+cu124,synthetic,,,transformer,transformer,fp16,2.0,4,2048,,1024,8,16,adamw,True,1,rtx-4090,1,,,0.2,0,166337792,166.337792,67.108864,8192.0,4,4,2.163689613342285,7.394775988818724,rtx-4090,NVIDIA GeForce RTX 4090,24563,23.99,4853,0.19757358628831984,False,3112,3672,80,125.84,56,9,pytorch/pytorch:2.5.1-cuda12.4-cudnn9-runtime,docker.io/pytorch/pytorch@sha256:c8268a92a69bd500f8be0e665b2630ee006dadaf7bfbc24249141b15ff622755,9f9c89fe3fbadc73b5faa44b08df9a91fe10e27ee249979b22f9fdc78a0af673,4977d0ee404ddad69bcd822cea966739fff0af23f792a9b678dbe7ac877306ee,default,ksolver-vram-transformer-checkpointed-fp16,ksolver-vram-transformer-checkpointed-fp16-npd6w,data/raw/1783097351-transformer-checkpointed-fp16.log,1783097351
1,transformer-wide-checkpointed-fp16,True,False,,pytorch,2.5.1+cu124,synthetic,,,transformer,transformer,fp16,2.0,2,1024,,1536,10,16,adamw,True,1,rtx-4090,1,,,0.2,0,381651200,381.6512,31.45728,2048.0,3,3,2.707453727722168,2.21610435612058,rtx-4090,NVIDIA GeForce RTX 4090,24563,23.99,5195,0.2114969669828604,False,3794,4014,59,88.22,49,11,pytorch/pytorch:2.5.1-cuda12.4-cudnn9-runtime,docker.io/pytorch/pytorch@sha256:c8268a92a69bd500f8be0e665b2630ee006dadaf7bfbc24249141b15ff622755,9f9c89fe3fbadc73b5faa44b08df9a91fe10e27ee249979b22f9fdc78a0af673,0558716e5eb20dca8578ae18b766c3550aeffa71dbb3ca338db09ded736ef1b5,default,ksolver-vram-transformer-wide-checkpointed-fp16,ksolver-vram-transformer-wide-checkpointed-fp16-dp4gs,data/raw/1783097359-transformer-wide-checkpointed-fp16.log,1783097359
1,transformer-wide-fp16-pad12g,True,False,,pytorch,2.5.1+cu124,synthetic,,,transformer,transformer,fp16,2.0,2,1024,,1536,10,16,adamw,False,1,rtx-4090,1,,,0.2,12288,381651200,381.6512,31.45728,2048.0,3,3,3.1173906326293945,1.9246866071895647,rtx-4090,NVIDIA GeForce RTX 4090,24563,23.99,17835,0.7260920897284534,False,16085,16654,96,92.58,50,13,pytorch/pytorch:2.5.1-cuda12.4-cudnn9-runtime,docker.io/pytorch/pytorch@sha256:c8268a92a69bd500f8be0e665b2630ee006dadaf7bfbc24249141b15ff622755,9f9c89fe3fbadc73b5faa44b08df9a91fe10e27ee249979b22f9fdc78a0af673,73d1c768ee0408b0aea0ae0ffe5c39605d812b7b02741cba36f29e4911e4811f,default,ksolver-vram-transformer-wide-fp16-pad12g,ksolver-vram-transformer-wide-fp16-pad12g-zqzz9,data/raw/1783097367-transformer-wide-fp16-pad12g.log,1783097367
1,transformer-wide-fp16-pad16g,True,False,,pytorch,2.5.1+cu124,synthetic,,,transformer,transformer,fp16,2.0,2,1024,,1536,10,16,adamw,False,1,rtx-4090,1,,,0.2,16384,381651200,381.6512,31.45728,2048.0,3,3,2.843541383743286,2.1100449018616,rtx-4090,NVIDIA GeForce RTX 4090,24563,23.99,20745,0.8445629605504213,False,20181,20750,73,92.01,52,12,pytorch/pytorch:2.5.1-cuda12.4-cudnn9-runtime,docker.io/pytorch/pytorch@sha256:c8268a92a69bd500f8be0e665b2630ee006dadaf7bfbc24249141b15ff622755,9f9c89fe3fbadc73b5faa44b08df9a91fe10e27ee249979b22f9fdc78a0af673,313651c226bb416d07cde83e1aa48a1d9ac8693cca1c46e30a672b925f69bdac,default,ksolver-vram-transformer-wide-fp16-pad16g,ksolver-vram-transformer-wide-fp16-pad16g-ldc6r,data/raw/1783097375-transformer-wide-fp16-pad16g.log,1783097375
1,transformer-wide-fp16-oom-pad22g,True,False,,pytorch,2.5.1+cu124,synthetic,,,transformer,transformer,fp16,2.0,2,1024,,1536,10,16,adamw,False,1,rtx-4090,1,,,0.2,22528,381651200,381.6512,31.45728,2048.0,3,3,38.056689500808716,0.1576595357794455,rtx-4090,NVIDIA GeForce RTX 4090,24563,23.99,24064,0.9796848919105973,True,26325,26894,100,113.3,53,150,pytorch/pytorch:2.5.1-cuda12.4-cudnn9-runtime,docker.io/pytorch/pytorch@sha256:c8268a92a69bd500f8be0e665b2630ee006dadaf7bfbc24249141b15ff622755,9f9c89fe3fbadc73b5faa44b08df9a91fe10e27ee249979b22f9fdc78a0af673,02681de40842b338ab3f60215cee5438673d3a40325f686b5c369c71d41b7cc5,default,ksolver-vram-transformer-wide-fp16-oom-pad22g,ksolver-vram-transformer-wide-fp16-oom-pad22g-jrbrw,data/raw/1783097419-transformer-wide-fp16-oom-pad22g.log,1783097419
1,mlp-forced-oom-pad32g,True,False,,pytorch,2.5.1+cu124,synthetic,,,mlp,mlp,fp16,2.0,32,256,,512,2,,sgd,False,1,rtx-4090,1,,,0.2,32768,262912,0.262912,8.388608,8192.0,1,1,7.849320650100708,4.076785931734033,rtx-4090,NVIDIA GeForce RTX 4090,24563,23.99,23796,0.968774172535928,True,32785,32790,100,112.9,51,31,pytorch/pytorch:2.5.1-cuda12.4-cudnn9-runtime,docker.io/pytorch/pytorch@sha256:c8268a92a69bd500f8be0e665b2630ee006dadaf7bfbc24249141b15ff622755,9f9c89fe3fbadc73b5faa44b08df9a91fe10e27ee249979b22f9fdc78a0af673,7c0ea5598715c74fa921112e6b02d1087bf983664b458cb608c85ff1b93c8d14,default,ksolver-vram-mlp-forced-oom-pad32g,ksolver-vram-mlp-forced-oom-pad32g-fsj2t,data/raw/1783097433-mlp-forced-oom-pad32g.log,1783097433
1,cnn-vision-fp32,True,False,,pytorch,2.5.1+cu124,synthetic,,,cnn,cnn,fp32,4.0,32,,224,128,10,,sgd,False,1,rtx-4090,1,,,0.2,0,38328,0.038328,16.05632,1605632.0,5,5,1.4610567092895508,109.50978082007586,rtx-4090,NVIDIA GeForce RTX 4090,24563,23.99,2432,0.09901070716117738,False,1310,1494,19,96.57,48,6,pytorch/pytorch:2.5.1-cuda12.4-cudnn9-runtime,docker.io/pytorch/pytorch@sha256:c8268a92a69bd500f8be0e665b2630ee006dadaf7bfbc24249141b15ff622755,9f9c89fe3fbadc73b5faa44b08df9a91fe10e27ee249979b22f9fdc78a0af673,50b9fa7e75faa4eec61e5a5d279377dadc30a4f0569ebcfa330a41764e364ea9,default,ksolver-vram-cnn-vision-fp32,ksolver-vram-cnn-vision-fp32-ww7fj,data/raw/1783097440-cnn-vision-fp32.log,1783097440
1,cnn-vision-batch64-fp32,True,False,,pytorch,2.5.1+cu124,synthetic,,,cnn,cnn,fp32,4.0,64,,224,128,10,,sgd,False,1,rtx-4090,1,,,0.2,0,38328,0.038328,32.11264,3211264.0,4,4,1.4548144340515137,175.96745949726758,rtx-4090,NVIDIA GeForce RTX 4090,24563,23.99,3920,0.15958962667426618,False,2603,2982,33,97.75,47,6,pytorch/pytorch:2.5.1-cuda12.4-cudnn9-runtime,docker.io/pytorch/pytorch@sha256:c8268a92a69bd500f8be0e665b2630ee006dadaf7bfbc24249141b15ff622755,9f9c89fe3fbadc73b5faa44b08df9a91fe10e27ee249979b22f9fdc78a0af673,aa57b9f0c0ef5a3eb95f390a61401b8a2fcdf387355d913c57d6387a546c06a2,default,ksolver-vram-cnn-vision-batch64-fp32,ksolver-vram-cnn-vision-batch64-fp32-pmzqb,data/raw/1783097447-cnn-vision-batch64-fp32.log,1783097447
1,cnn-vision-384-fp16,True,False,,pytorch,2.5.1+cu124,synthetic,,,cnn,cnn,fp16,2.0,16,,384,192,12,,adamw,False,1,rtx-4090,1,,,0.2,0,82960,0.08296,28.311552,2359296.0,4,4,1.566498041152954,40.85546123817399,rtx-4090,NVIDIA GeForce RTX 4090,24563,23.99,2720,0.11073565932500101,False,1651,1774,74,105.17,47,6,pytorch/pytorch:2.5.1-cuda12.4-cudnn9-runtime,docker.io/pytorch/pytorch@sha256:c8268a92a69bd500f8be0e665b2630ee006dadaf7bfbc24249141b15ff622755,9f9c89fe3fbadc73b5faa44b08df9a91fe10e27ee249979b22f9fdc78a0af673,4e992ef227b89fc70cff42335dce8e1a365d21ee02edac2883c4c1d264703ff6,default,ksolver-vram-cnn-vision-384-fp16,ksolver-vram-cnn-vision-384-fp16-58bdp,data/raw/1783097454-cnn-vision-384-fp16.log,1783097454
1,cnn-vision-384-fp16-pad12g,True,False,,pytorch,2.5.1+cu124,synthetic,,,cnn,cnn,fp16,2.0,16,,384,192,12,,adamw,False,1,rtx-4090,1,,,0.2,12288,82960,0.08296,28.311552,2359296.0,4,4,1.8079833984375,35.39855512794544,rtx-4090,NVIDIA GeForce RTX 4090,24563,23.99,15008,0.6110002849814762,False,13939,14062,77,131.71,48,7,pytorch/pytorch:2.5.1-cuda12.4-cudnn9-runtime,docker.io/pytorch/pytorch@sha256:c8268a92a69bd500f8be0e665b2630ee006dadaf7bfbc24249141b15ff622755,9f9c89fe3fbadc73b5faa44b08df9a91fe10e27ee249979b22f9fdc78a0af673,92d8a4011fc583c3682dd0f59fbc5a71aeb66368a4faad7ea46df301802a2d54,default,ksolver-vram-cnn-vision-384-fp16-pad12g,ksolver-vram-cnn-vision-384-fp16-pad12g-x4xkm,data/raw/1783097462-cnn-vision-384-fp16-pad12g.log,1783097462
1,grid-transformer-fp32-b2-s256,True,False,,pytorch,2.5.1+cu124,synthetic,,,transformer,transformer,fp32,4.0,2,256,,768,6,12,adamw,False,1,rtx-4090,1,,,0.2,0,91711232,91.711232,2.359296,512.0,3,3,1.501737356185913,3.9953724100189514,rtx-4090,NVIDIA GeForce RTX 4090,24563,23.99,1584,0.06448723690103,False,1834,2034,15,64.04,47,6,pytorch/pytorch:2.5.1-cuda12.4-cudnn9-runtime,docker.io/pytorch/pytorch@sha256:c8268a92a69bd500f8be0e665b2630ee006dadaf7bfbc24249141b15ff622755,9f9c89fe3fbadc73b5faa44b08df9a91fe10e27ee249979b22f9fdc78a0af673,9416b6a527e3db0ccbc1d9bf95dbbf2fae8c06901add1e3ed24d9bd9dcde6e8a,default,ksolver-vram-grid-transformer-fp32-b2-s256,ksolver-vram-grid-transformer-fp32-b2-s256-xm8b5,data/raw/1783097469-grid-transformer-fp32-b2-s256.log,1783097469
1,grid-transformer-fp32-b6-s256,True,False,,pytorch,2.5.1+cu124,synthetic,,,transformer,transformer,fp32,4.0,6,256,,768,6,12,adamw,False,1,rtx-4090,1,,,0.2,0,91711232,91.711232,7.077888,1536.0,3,3,1.4827005863189697,12.140010037149674,rtx-4090,NVIDIA GeForce RTX 4090,24563,23.99,2988,0.12164637869967024,False,2288,2432,17,75.19,46,6,pytorch/pytorch:2.5.1-cuda12.4-cudnn9-runtime,docker.io/pytorch/pytorch@sha256:c8268a92a69bd500f8be0e665b2630ee006dadaf7bfbc24249141b15ff622755,9f9c89fe3fbadc73b5faa44b08df9a91fe10e27ee249979b22f9fdc78a0af673,51c58953ced6835d587e6e6da2749256fff9a3fda053675f5b55b2fd279f6d43,default,ksolver-vram-grid-transformer-fp32-b6-s256,ksolver-vram-grid-transformer-fp32-b6-s256-9vmdv,data/raw/1783097475-grid-transformer-fp32-b6-s256.log,1783097475
1,grid-transformer-fp32-b2-s768,True,False,,pytorch,2.5.1+cu124,synthetic,,,transformer,transformer,fp32,4.0,2,768,,768,6,12,adamw,False,1,rtx-4090,1,,,0.2,0,91711232,91.711232,7.077888,1536.0,3,3,1.4757823944091797,4.065640044718153,rtx-4090,NVIDIA GeForce RTX 4090,24563,23.99,2874,0.11700525180149005,False,2288,2432,8,62.1,46,6,pytorch/pytorch:2.5.1-cuda12.4-cudnn9-runtime,docker.io/pytorch/pytorch@sha256:c8268a92a69bd500f8be0e665b2630ee006dadaf7bfbc24249141b15ff622755,9f9c89fe3fbadc73b5faa44b08df9a91fe10e27ee249979b22f9fdc78a0af673,49234e7849fcab345822b6e639b5a6d9758872bbd8fd0b65e2317e833b2c59b5,default,ksolver-vram-grid-transformer-fp32-b2-s768,ksolver-vram-grid-transformer-fp32-b2-s768-fgtfw,data/raw/1783097482-grid-transformer-fp32-b2-s768.log,1783097482
1,grid-transformer-fp32-b6-s768,True,False,,pytorch,2.5.1+cu124,synthetic,,,transformer,transformer,fp32,4.0,6,768,,768,6,12,adamw,False,1,rtx-4090,1,,,0.2,0,91711232,91.711232,21.233664,4608.0,3,3,1.7616362571716309,10.217773349476602,rtx-4090,NVIDIA GeForce RTX 4090,24563,23.99,6156,0.2506208525017302,False,4717,5222,65,131.89,46,7,pytorch/pytorch:2.5.1-cuda12.4-cudnn9-runtime,docker.io/pytorch/pytorch@sha256:c8268a92a69bd500f8be0e665b2630ee006dadaf7bfbc24249141b15ff622755,9f9c89fe3fbadc73b5faa44b08df9a91fe10e27ee249979b22f9fdc78a0af673,921d8a58ced0a7dd1e64f538c7d8f3b191bdecdf50fcb68a16f2d7416d4f1778,default,ksolver-vram-grid-transformer-fp32-b6-s768,ksolver-vram-grid-transformer-fp32-b6-s768-qfccp,data/raw/1783097489-grid-transformer-fp32-b6-s768.log,1783097489
1,grid-transformer-fp32-b2-s1536,True,False,,pytorch,2.5.1+cu124,synthetic,,,transformer,transformer,fp32,4.0,2,1536,,1024,8,16,adamw,False,1,rtx-4090,1,,,0.2,0,166337792,166.337792,25.165824,3072.0,3,3,2.0607025623321533,2.911628349318708,rtx-4090,NVIDIA GeForce RTX 4090,24563,23.99,6105,0.24854455888938648,False,5072,5130,99,163.24,46,8,pytorch/pytorch:2.5.1-cuda12.4-cudnn9-runtime,docker.io/pytorch/pytorch@sha256:c8268a92a69bd500f8be0e665b2630ee006dadaf7bfbc24249141b15ff622755,9f9c89fe3fbadc73b5faa44b08df9a91fe10e27ee249979b22f9fdc78a0af673,4f2a716e336bc73945524728d0fff5a0eb2bfccc85fe6bb7eb82baa10a92c5c4,default,ksolver-vram-grid-transformer-fp32-b2-s1536,ksolver-vram-grid-transformer-fp32-b2-s1536-2wrrt,data/raw/1783097497-grid-transformer-fp32-b2-s1536.log,1783097497
1,grid-transformer-fp32-b6-s1536,True,False,,pytorch,2.5.1+cu124,synthetic,,,transformer,transformer,fp32,4.0,6,1536,,1024,8,16,adamw,False,1,rtx-4090,1,,,0.2,0,166337792,166.337792,75.497472,9216.0,3,3,2.5770070552825928,6.984847000361096,rtx-4090,NVIDIA GeForce RTX 4090,24563,23.99,13408,0.5458616618491227,False,11363,12426,99,315.02,60,10,pytorch/pytorch:2.5.1-cuda12.4-cudnn9-runtime,docker.io/pytorch/pytorch@sha256:c8268a92a69bd500f8be0e665b2630ee006dadaf7bfbc24249141b15ff622755,9f9c89fe3fbadc73b5faa44b08df9a91fe10e27ee249979b22f9fdc78a0af673,3bc3e82a4082786bb7767107db0c961d52eede98ba4ad7697cde6cce7a2239ec,default,ksolver-vram-grid-transformer-fp32-b6-s1536,ksolver-vram-grid-transformer-fp32-b6-s1536-6rdf2,data/raw/1783097505-grid-transformer-fp32-b6-s1536.log,1783097505
1,grid-transformer-fp16-b2-s256,True,False,,pytorch,2.5.1+cu124,synthetic,,,transformer,transformer,fp16,2.0,2,256,,768,6,12,adamw,False,1,rtx-4090,1,,,0.2,0,91711232,91.711232,2.359296,512.0,3,3,1.4526028633117676,4.1305164346989445,rtx-4090,NVIDIA GeForce RTX 4090,24563,23.99,1174,0.04779546472336441,False,936,1032,14,64.01,46,6,pytorch/pytorch:2.5.1-cuda12.4-cudnn9-runtime,docker.io/pytorch/pytorch@sha256:c8268a92a69bd500f8be0e665b2630ee006dadaf7bfbc24249141b15ff622755,9f9c89fe3fbadc73b5faa44b08df9a91fe10e27ee249979b22f9fdc78a0af673,99f465d37ed815db3ca3fbb06b16cb9357b05701e3c06d6e491ce1373abf1a28,default,ksolver-vram-grid-transformer-fp16-b2-s256,ksolver-vram-grid-transformer-fp16-b2-s256-fq2cw,data/raw/1783097512-grid-transformer-fp16-b2-s256.log,1783097512
1,grid-transformer-fp16-b6-s256,True,False,,pytorch,2.5.1+cu124,synthetic,,,transformer,transformer,fp16,2.0,6,256,,768,6,12,adamw,False,1,rtx-4090,1,,,0.2,0,91711232,91.711232,7.077888,1536.0,3,3,1.4976890087127686,12.018516457879738,rtx-4090,NVIDIA GeForce RTX 4090,24563,23.99,1278,0.05202947522696739,False,1145,1426,14,66.35,46,6,pytorch/pytorch:2.5.1-cuda12.4-cudnn9-runtime,docker.io/pytorch/pytorch@sha256:c8268a92a69bd500f8be0e665b2630ee006dadaf7bfbc24249141b15ff622755,9f9c89fe3fbadc73b5faa44b08df9a91fe10e27ee249979b22f9fdc78a0af673,ad719bed0ebbf7d928097b4d731e984e14474625762833b244eb973168c6ad8e,default,ksolver-vram-grid-transformer-fp16-b6-s256,ksolver-vram-grid-transformer-fp16-b6-s256-48jtd,data/raw/1783097519-grid-transformer-fp16-b6-s256.log,1783097519
1,grid-transformer-fp16-b2-s768,True,False,,pytorch,2.5.1+cu124,synthetic,,,transformer,transformer,fp16,2.0,2,768,,768,6,12,adamw,False,1,rtx-4090,1,,,0.2,0,91711232,91.711232,7.077888,1536.0,3,3,1.4677810668945312,4.087803103152533,rtx-4090,NVIDIA GeForce RTX 4090,24563,23.99,1606,0.06538289296909987,False,1145,1426,20,62.08,45,6,pytorch/pytorch:2.5.1-cuda12.4-cudnn9-runtime,docker.io/pytorch/pytorch@sha256:c8268a92a69bd500f8be0e665b2630ee006dadaf7bfbc24249141b15ff622755,9f9c89fe3fbadc73b5faa44b08df9a91fe10e27ee249979b22f9fdc78a0af673,aaecbdbf1e2d7ba8ebfd10621867ea432e600d18350727afe07612c34f58b763,default,ksolver-vram-grid-transformer-fp16-b2-s768,ksolver-vram-grid-transformer-fp16-b2-s768-jskzx,data/raw/1783097526-grid-transformer-fp16-b2-s768.log,1783097526
1,grid-transformer-fp16-b6-s768,True,False,,pytorch,2.5.1+cu124,synthetic,,,transformer,transformer,fp16,2.0,6,768,,768,6,12,adamw,False,1,rtx-4090,1,,,0.2,0,91711232,91.711232,21.233664,4608.0,3,3,1.7351646423339844,10.373655364362456,rtx-4090,NVIDIA GeForce RTX 4090,24563,23.99,3640,0.1481903676261043,False,2343,2652,15,79.04,46,7,pytorch/pytorch:2.5.1-cuda12.4-cudnn9-runtime,docker.io/pytorch/pytorch@sha256:c8268a92a69bd500f8be0e665b2630ee006dadaf7bfbc24249141b15ff622755,9f9c89fe3fbadc73b5faa44b08df9a91fe10e27ee249979b22f9fdc78a0af673,0f0406134398ac5c26ffa43d08c93557484382caf1f4454178d35f4dc703056a,default,ksolver-vram-grid-transformer-fp16-b6-s768,ksolver-vram-grid-transformer-fp16-b6-s768-85cq5,data/raw/1783097533-grid-transformer-fp16-b6-s768.log,1783097533
1,grid-transformer-fp16-b2-s1536,True,False,,pytorch,2.5.1+cu124,synthetic,,,transformer,transformer,fp16,2.0,2,1536,,1024,8,16,adamw,False,1,rtx-4090,1,,,0.2,0,166337792,166.337792,25.165824,3072.0,3,3,1.8300256729125977,3.278642528796131,rtx-4090,NVIDIA GeForce RTX 4090,24563,23.99,3552,0.14460774335382487,False,2496,2564,33,80.45,48,7,pytorch/pytorch:2.5.1-cuda12.4-cudnn9-runtime,docker.io/pytorch/pytorch@sha256:c8268a92a69bd500f8be0e665b2630ee006dadaf7bfbc24249141b15ff622755,9f9c89fe3fbadc73b5faa44b08df9a91fe10e27ee249979b22f9fdc78a0af673,af9f9354dd4e79afbd00cbeb40b137ae33581012f1c00bddc230ced5f718bff8,default,ksolver-vram-grid-transformer-fp16-b2-s1536,ksolver-vram-grid-transformer-fp16-b2-s1536-br9ml,data/raw/1783097540-grid-transformer-fp16-b2-s1536.log,1783097540
1,grid-transformer-fp16-b6-s1536,True,False,,pytorch,2.5.1+cu124,synthetic,,,transformer,transformer,fp16,2.0,6,1536,,1024,8,16,adamw,False,1,rtx-4090,1,,,0.2,0,166337792,166.337792,75.497472,9216.0,3,3,2.0154080390930176,8.931193907562479,rtx-4090,NVIDIA GeForce RTX 4090,24563,23.99,7086,0.2884826771974107,False,5545,6098,71,105.33,45,8,pytorch/pytorch:2.5.1-cuda12.4-cudnn9-runtime,docker.io/pytorch/pytorch@sha256:c8268a92a69bd500f8be0e665b2630ee006dadaf7bfbc24249141b15ff622755,9f9c89fe3fbadc73b5faa44b08df9a91fe10e27ee249979b22f9fdc78a0af673,82148cce9715bef53ab48dc931a3bc9200072987235109b10ea39aaa3ed6afeb,default,ksolver-vram-grid-transformer-fp16-b6-s1536,ksolver-vram-grid-transformer-fp16-b6-s1536-wq9fj,data/raw/1783097547-grid-transformer-fp16-b6-s1536.log,1783097547
1,grid-cnn-fp32-b64-i160,True,False,,pytorch,2.5.1+cu124,synthetic,,,cnn,cnn,fp32,4.0,64,,160,128,8,,sgd,False,1,rtx-4090,1,,,0.2,0,33688,0.033688,13.1072,1638400.0,3,3,1.2428250312805176,154.486750079516,rtx-4090,NVIDIA GeForce RTX 4090,24563,23.99,2310,0.09404388714733543,False,1137,1324,20,68.86,45,5,pytorch/pytorch:2.5.1-cuda12.4-cudnn9-runtime,docker.io/pytorch/pytorch@sha256:c8268a92a69bd500f8be0e665b2630ee006dadaf7bfbc24249141b15ff622755,9f9c89fe3fbadc73b5faa44b08df9a91fe10e27ee249979b22f9fdc78a0af673,f9aeda1ac5b6b6865fd1367b29253802c662e7b429fd4a9be878e173c46c9368,default,ksolver-vram-grid-cnn-fp32-b64-i160,ksolver-vram-grid-cnn-fp32-b64-i160-r9l98,data/raw/1783097553-grid-cnn-fp32-b64-i160.log,1783097553
1,grid-cnn-fp32-b24-i256,True,False,,pytorch,2.5.1+cu124,synthetic,,,cnn,cnn,fp32,4.0,24,,256,128,8,,sgd,False,1,rtx-4090,1,,,0.2,0,33688,0.033688,12.582912,1572864.0,3,3,1.0764384269714355,66.88724426400526,rtx-4090,NVIDIA GeForce RTX 4090,24563,23.99,1858,0.07564222611244555,False,994,1076,11,59.0,45,4,pytorch/pytorch:2.5.1-cuda12.4-cudnn9-runtime,docker.io/pytorch/pytorch@sha256:c8268a92a69bd500f8be0e665b2630ee006dadaf7bfbc24249141b15ff622755,9f9c89fe3fbadc73b5faa44b08df9a91fe10e27ee249979b22f9fdc78a0af673,600bcc74006fd074ca5e0c0f82462a9f65a4deb344fc51059b872672d4cdb7c7,default,ksolver-vram-grid-cnn-fp32-b24-i256,ksolver-vram-grid-cnn-fp32-b24-i256-p2zx9,data/raw/1783097559-grid-cnn-fp32-b24-i256.log,1783097559
1,grid-cnn-fp32-b8-i384,True,False,,pytorch,2.5.1+cu124,synthetic,,,cnn,cnn,fp32,4.0,8,,384,192,12,,sgd,False,1,rtx-4090,1,,,0.2,0,82960,0.08296,14.155776,1179648.0,3,3,1.3101732730865479,18.31818774890747,rtx-4090,NVIDIA GeForce RTX 4090,24563,23.99,2842,0.11570247933884298,False,1652,1856,35,78.31,44,5,pytorch/pytorch:2.5.1-cuda12.4-cudnn9-runtime,docker.io/pytorch/pytorch@sha256:c8268a92a69bd500f8be0e665b2630ee006dadaf7bfbc24249141b15ff622755,9f9c89fe3fbadc73b5faa44b08df9a91fe10e27ee249979b22f9fdc78a0af673,05f9cd9d13299503b946fbce944eec923b4b5b8e179b438cbbb485c8e8f08e89,default,ksolver-vram-grid-cnn-fp32-b8-i384,ksolver-vram-grid-cnn-fp32-b8-i384-xfgsf,data/raw/1783097566-grid-cnn-fp32-b8-i384.log,1783097566
1,grid-cnn-fp16-b64-i160,True,False,,pytorch,2.5.1+cu124,synthetic,,,cnn,cnn,fp16,2.0,64,,160,128,8,,adamw,False,1,rtx-4090,1,,,0.2,0,33688,0.033688,13.1072,1638400.0,3,3,1.2765772342681885,150.40218080503845,rtx-4090,NVIDIA GeForce RTX 4090,24563,23.99,1750,0.07124536905101168,False,578,756,8,69.92,44,5,pytorch/pytorch:2.5.1-cuda12.4-cudnn9-runtime,docker.io/pytorch/pytorch@sha256:c8268a92a69bd500f8be0e665b2630ee006dadaf7bfbc24249141b15ff622755,9f9c89fe3fbadc73b5faa44b08df9a91fe10e27ee249979b22f9fdc78a0af673,c83e41d9636e25bf8704903487b12cb414d2db9f322b24b5daeea49dadee95f1,default,ksolver-vram-grid-cnn-fp16-b64-i160,ksolver-vram-grid-cnn-fp16-b64-i160-x4nbk,data/raw/1783097573-grid-cnn-fp16-b64-i160.log,1783097573
1,grid-cnn-fp16-b24-i256,True,False,,pytorch,2.5.1+cu124,synthetic,,,cnn,cnn,fp16,2.0,24,,256,128,8,,adamw,False,1,rtx-4090,1,,,0.2,0,33688,0.033688,12.582912,1572864.0,3,3,1.340334415435791,53.717937233291295,rtx-4090,NVIDIA GeForce RTX 4090,24563,23.99,1722,0.0701054431461955,False,557,728,12,68.43,44,5,pytorch/pytorch:2.5.1-cuda12.4-cudnn9-runtime,docker.io/pytorch/pytorch@sha256:c8268a92a69bd500f8be0e665b2630ee006dadaf7bfbc24249141b15ff622755,9f9c89fe3fbadc73b5faa44b08df9a91fe10e27ee249979b22f9fdc78a0af673,ce85ab5ec21f1dd3675500b2d9d20eafb7bfdf12f757a514a572d395d0bcf7d9,default,ksolver-vram-grid-cnn-fp16-b24-i256,ksolver-vram-grid-cnn-fp16-b24-i256-5mpg6,data/raw/1783097580-grid-cnn-fp16-b24-i256.log,1783097580
1,grid-cnn-fp16-b8-i384,True,False,,pytorch,2.5.1+cu124,synthetic,,,cnn,cnn,fp16,2.0,8,,384,192,12,,adamw,False,1,rtx-4090,1,,,0.2,0,82960,0.08296,14.155776,1179648.0,3,3,1.3288204669952393,18.061130601238688,rtx-4090,NVIDIA GeForce RTX 4090,24563,23.99,1896,0.07718926841183894,False,834,902,11,70.21,47,5,pytorch/pytorch:2.5.1-cuda12.4-cudnn9-runtime,docker.io/pytorch/pytorch@sha256:c8268a92a69bd500f8be0e665b2630ee006dadaf7bfbc24249141b15ff622755,9f9c89fe3fbadc73b5faa44b08df9a91fe10e27ee249979b22f9fdc78a0af673,71c3cdc3cdf3ef180e3f7ac18bd3bd7d5fb9155ca3658b8f1ba9b577db383e02,default,ksolver-vram-grid-cnn-fp16-b8-i384,ksolver-vram-grid-cnn-fp16-b8-i384-9d7wb,data/raw/1783097586-grid-cnn-fp16-b8-i384.log,1783097586
1,grid-pressure-transformer-pad8g,True,False,,pytorch,2.5.1+cu124,synthetic,,,transformer,transformer,fp16,2.0,2,1024,,1536,10,16,adamw,False,1,rtx-4090,1,,,0.2,8192,381651200,381.6512,31.45728,2048.0,2,2,2.760971784591675,1.4487652580598782,rtx-4090,NVIDIA GeForce RTX 4090,24563,23.99,11456,0.46639254162765137,False,11989,12558,21,87.54,45,11,pytorch/pytorch:2.5.1-cuda12.4-cudnn9-runtime,docker.io/pytorch/pytorch@sha256:c8268a92a69bd500f8be0e665b2630ee006dadaf7bfbc24249141b15ff622755,9f9c89fe3fbadc73b5faa44b08df9a91fe10e27ee249979b22f9fdc78a0af673,0a833924baeb444ba7e4620faa9b7f701634c75cfc7224ccf2fec950796af163,default,ksolver-vram-grid-pressure-transformer-pad8g,ksolver-vram-grid-pressure-transformer-pad8g-tdv9t,data/raw/1783097594-grid-pressure-transformer-pad8g.log,1783097594
1,grid-pressure-transformer-pad18g,True,False,,pytorch,2.5.1+cu124,synthetic,,,transformer,transformer,fp16,2.0,2,1024,,1536,10,16,adamw,False,1,rtx-4090,1,,,0.2,18432,381651200,381.6512,31.45728,2048.0,2,2,3.3269283771514893,1.202310223289145,rtx-4090,NVIDIA GeForce RTX 4090,24563,23.99,23288,0.9480926596914058,True,22229,22798,96,90.04,45,14,pytorch/pytorch:2.5.1-cuda12.4-cudnn9-runtime,docker.io/pytorch/pytorch@sha256:c8268a92a69bd500f8be0e665b2630ee006dadaf7bfbc24249141b15ff622755,9f9c89fe3fbadc73b5faa44b08df9a91fe10e27ee249979b22f9fdc78a0af673,8914ae15c860d6b46d6fd4404cf0629b0da63fdde98b98d05f2edf07911c71ae,default,ksolver-vram-grid-pressure-transformer-pad18g,ksolver-vram-grid-pressure-transformer-pad18g-nq6vw,data/raw/1783097603-grid-pressure-transformer-pad18g.log,1783097603
1,focus-cnn-fp32-b48-i224,True,False,,pytorch,2.5.1+cu124,synthetic,,,cnn,cnn,fp32,4.0,48,,224,128,10,,sgd,False,1,rtx-4090,1,,,0.2,0,38328,0.038328,24.08448,2408448.0,3,3,1.2440147399902344,115.75425545289794,rtx-4090,NVIDIA GeForce RTX 4090,24563,23.99,2632,0.10715303505272157,False,1968,2250,24,66.16,44,5,pytorch/pytorch:2.5.1-cuda12.4-cudnn9-runtime,docker.io/pytorch/pytorch@sha256:c8268a92a69bd500f8be0e665b2630ee006dadaf7bfbc24249141b15ff622755,9f9c89fe3fbadc73b5faa44b08df9a91fe10e27ee249979b22f9fdc78a0af673,c5da7ee59eb6cd47854e6f5e48ffec51cb2e7fab04b06c5728bfcef2e967ff61,default,ksolver-vram-focus-cnn-fp32-b48-i224,ksolver-vram-focus-cnn-fp32-b48-i224-l9z6l,data/raw/1783097610-focus-cnn-fp32-b48-i224.log,1783097610
1,focus-cnn-fp32-b16-i320,True,False,,pytorch,2.5.1+cu124,synthetic,,,cnn,cnn,fp32,4.0,16,,320,192,12,,sgd,False,1,rtx-4090,1,,,0.2,0,82960,0.08296,19.6608,1638400.0,3,3,1.3316972255706787,36.04422918237314,rtx-4090,NVIDIA GeForce RTX 4090,24563,23.99,3258,0.1326385213532549,False,2135,2272,24,91.08,48,5,pytorch/pytorch:2.5.1-cuda12.4-cudnn9-runtime,docker.io/pytorch/pytorch@sha256:c8268a92a69bd500f8be0e665b2630ee006dadaf7bfbc24249141b15ff622755,9f9c89fe3fbadc73b5faa44b08df9a91fe10e27ee249979b22f9fdc78a0af673,2f1226e09f6a85ca4de469a6152cca55c9bd36fbcef8cfef34aabfd9e61850ed,default,ksolver-vram-focus-cnn-fp32-b16-i320,ksolver-vram-focus-cnn-fp32-b16-i320-wh7p5,data/raw/1783097616-focus-cnn-fp32-b16-i320.log,1783097616
1,focus-cnn-fp16-b32-i224,True,False,,pytorch,2.5.1+cu124,synthetic,,,cnn,cnn,fp16,2.0,32,,224,128,10,,adamw,False,1,rtx-4090,1,,,0.2,0,38328,0.038328,16.05632,1605632.0,3,3,1.338104009628296,71.74330194755734,rtx-4090,NVIDIA GeForce RTX 4090,24563,23.99,1840,0.07490941660220657,False,667,846,10,70.08,45,5,pytorch/pytorch:2.5.1-cuda12.4-cudnn9-runtime,docker.io/pytorch/pytorch@sha256:c8268a92a69bd500f8be0e665b2630ee006dadaf7bfbc24249141b15ff622755,9f9c89fe3fbadc73b5faa44b08df9a91fe10e27ee249979b22f9fdc78a0af673,873e34b3e115a06ff696ef2267a5c29763c2cc1e5e906b539d5d5f3ddfc0d056,default,ksolver-vram-focus-cnn-fp16-b32-i224,ksolver-vram-focus-cnn-fp16-b32-i224-hpl4v,data/raw/1783097623-focus-cnn-fp16-b32-i224.log,1783097623
1,focus-cnn-fp16-b12-i320,True,False,,pytorch,2.5.1+cu124,synthetic,,,cnn,cnn,fp16,2.0,12,,320,192,12,,adamw,False,1,rtx-4090,1,,,0.2,0,82960,0.08296,14.7456,1228800.0,3,3,1.2813191413879395,28.096044800364403,rtx-4090,NVIDIA GeForce RTX 4090,24563,23.99,1958,0.07971339005821765,False,869,964,12,64.35,45,5,pytorch/pytorch:2.5.1-cuda12.4-cudnn9-runtime,docker.io/pytorch/pytorch@sha256:c8268a92a69bd500f8be0e665b2630ee006dadaf7bfbc24249141b15ff622755,9f9c89fe3fbadc73b5faa44b08df9a91fe10e27ee249979b22f9fdc78a0af673,6fac12335081625d49543ac860287228f68242535ee68e2c93a928963d1aaef8,default,ksolver-vram-focus-cnn-fp16-b12-i320,ksolver-vram-focus-cnn-fp16-b12-i320-mwz5d,data/raw/1783097629-focus-cnn-fp16-b12-i320.log,1783097629
1,focus-cnn-fp16-b16-i384-pad6g,True,False,,pytorch,2.5.1+cu124,synthetic,,,cnn,cnn,fp16,2.0,16,,384,192,12,,adamw,False,1,rtx-4090,1,,,0.2,6144,82960,0.08296,28.311552,2359296.0,3,3,1.531954050064087,31.332532459437665,rtx-4090,NVIDIA GeForce RTX 4090,24563,23.99,8912,0.3628221308472092,False,7795,7918,46,89.61,45,6,pytorch/pytorch:2.5.1-cuda12.4-cudnn9-runtime,docker.io/pytorch/pytorch@sha256:c8268a92a69bd500f8be0e665b2630ee006dadaf7bfbc24249141b15ff622755,9f9c89fe3fbadc73b5faa44b08df9a91fe10e27ee249979b22f9fdc78a0af673,2f14bb9f2fc09373209d194f8c407db380ddc7e4c15eeacb2190c01d4eea3565,default,ksolver-vram-focus-cnn-fp16-b16-i384-pad6g,ksolver-vram-focus-cnn-fp16-b16-i384-pad6g-2bjxv,data/raw/1783097636-focus-cnn-fp16-b16-i384-pad6g.log,1783097636
1,focus-cnn-fp16-b16-i384-pad10g,True,False,,pytorch,2.5.1+cu124,synthetic,,,cnn,cnn,fp16,2.0,16,,384,192,12,,adamw,False,1,rtx-4090,1,,,0.2,10240,82960,0.08296,28.311552,2359296.0,3,3,1.6506783962249756,29.078953301729616,rtx-4090,NVIDIA GeForce RTX 4090,24563,23.99,13008,0.5295770060660343,False,11891,12014,80,90.61,46,6,pytorch/pytorch:2.5.1-cuda12.4-cudnn9-runtime,docker.io/pytorch/pytorch@sha256:c8268a92a69bd500f8be0e665b2630ee006dadaf7bfbc24249141b15ff622755,9f9c89fe3fbadc73b5faa44b08df9a91fe10e27ee249979b22f9fdc78a0af673,924bceb33f3424d058587669668ff756e3e727381315d99a3e24c7e5e5c4df04,default,ksolver-vram-focus-cnn-fp16-b16-i384-pad10g,ksolver-vram-focus-cnn-fp16-b16-i384-pad10g-vlxqz,data/raw/1783097643-focus-cnn-fp16-b16-i384-pad10g.log,1783097643
1,focus-mlp-fp32-b64-s1024-h2048,True,False,,pytorch,2.5.1+cu124,synthetic,,,mlp,mlp,fp32,4.0,64,1024,,2048,6,,adamw,False,1,rtx-4090,1,,,0.2,0,20982784,20.982784,805.306368,65536.0,3,3,1.0128397941589355,189.56601143366137,rtx-4090,NVIDIA GeForce RTX 4090,24563,23.99,988,0.04022309978422831,False,417,448,11,49.03,46,4,pytorch/pytorch:2.5.1-cuda12.4-cudnn9-runtime,docker.io/pytorch/pytorch@sha256:c8268a92a69bd500f8be0e665b2630ee006dadaf7bfbc24249141b15ff622755,9f9c89fe3fbadc73b5faa44b08df9a91fe10e27ee249979b22f9fdc78a0af673,c2c30ff6be119bc7d330e67949924ec91f3cb1e38081377c94d51ce44f11b281,default,ksolver-vram-focus-mlp-fp32-b64-s1024-h2048,ksolver-vram-focus-mlp-fp32-b64-s1024-h2048-bj95x,data/raw/1783097649-focus-mlp-fp32-b64-s1024-h2048.log,1783097649
1,focus-mlp-fp16-b256-s1024-h2048,True,False,,pytorch,2.5.1+cu124,synthetic,,,mlp,mlp,fp16,2.0,256,1024,,2048,6,,adamw,False,1,rtx-4090,1,,,0.2,0,20982784,20.982784,3221.225472,262144.0,3,3,1.2890887260437012,595.7696972162986,rtx-4090,NVIDIA GeForce RTX 4090,24563,23.99,1056,0.042991491267353334,False,219,258,14,57.01,46,5,pytorch/pytorch:2.5.1-cuda12.4-cudnn9-runtime,docker.io/pytorch/pytorch@sha256:c8268a92a69bd500f8be0e665b2630ee006dadaf7bfbc24249141b15ff622755,9f9c89fe3fbadc73b5faa44b08df9a91fe10e27ee249979b22f9fdc78a0af673,4813deead38db3eaa519a4b39b9a9d620036089f4e8b8fcc18518f9fa02c88fa,default,ksolver-vram-focus-mlp-fp16-b256-s1024-h2048,ksolver-vram-focus-mlp-fp16-b256-s1024-h2048-8nhkx,data/raw/1783097655-focus-mlp-fp16-b256-s1024-h2048.log,1783097655
1,focus-mlp-fp32-b128-s2048-h2048,True,False,,pytorch,2.5.1+cu124,synthetic,,,mlp,mlp,fp32,4.0,128,2048,,2048,8,,sgd,False,1,rtx-4090,1,,,0.2,0,33570816,33.570816,4294.967296,262144.0,3,3,1.0442650318145752,367.72274116345676,rtx-4090,NVIDIA GeForce RTX 4090,24563,23.99,1032,0.04201441192036803,False,277,298,12,44.09,46,4,pytorch/pytorch:2.5.1-cuda12.4-cudnn9-runtime,docker.io/pytorch/pytorch@sha256:c8268a92a69bd500f8be0e665b2630ee006dadaf7bfbc24249141b15ff622755,9f9c89fe3fbadc73b5faa44b08df9a91fe10e27ee249979b22f9fdc78a0af673,650812315aeb7c09710722b69abd3ee7aca659db4e75d156f5ec31c9867efb40,default,ksolver-vram-focus-mlp-fp32-b128-s2048-h2048,ksolver-vram-focus-mlp-fp32-b128-s2048-h2048-whr68,data/raw/1783097661-focus-mlp-fp32-b128-s2048-h2048.log,1783097661
1,focus-mlp-fp16-b512-s2048-h2048,True,False,,pytorch,2.5.1+cu124,synthetic,,,mlp,mlp,fp16,2.0,512,2048,,2048,8,,sgd,False,1,rtx-4090,1,,,0.2,0,33570816,33.570816,17179.869184,1048576.0,3,3,1.2177503108978271,1261.3423180877965,rtx-4090,NVIDIA GeForce RTX 4090,24563,23.99,1080,0.04396857061433864,False,158,202,5,57.16,47,5,pytorch/pytorch:2.5.1-cuda12.4-cudnn9-runtime,docker.io/pytorch/pytorch@sha256:c8268a92a69bd500f8be0e665b2630ee006dadaf7bfbc24249141b15ff622755,9f9c89fe3fbadc73b5faa44b08df9a91fe10e27ee249979b22f9fdc78a0af673,6bd74f85dfb5089805ad916f90808e1200398796107feb65782c7f3d88b61ea6,default,ksolver-vram-focus-mlp-fp16-b512-s2048-h2048,ksolver-vram-focus-mlp-fp16-b512-s2048-h2048-pnd9r,data/raw/1783097668-focus-mlp-fp16-b512-s2048-h2048.log,1783097668
1,focus-mlp-fp16-b128-s1024-pad8g,True,False,,pytorch,2.5.1+cu124,synthetic,,,mlp,mlp,fp16,2.0,128,1024,,1024,4,,adamw,False,1,rtx-4090,1,,,0.2,8192,4198400,4.1984,536.870912,131072.0,2,2,1.3136405944824219,194.87826508655112,rtx-4090,NVIDIA GeForce RTX 4090,24563,23.99,9198,0.37446565973211743,False,8249,8258,54,74.15,47,5,pytorch/pytorch:2.5.1-cuda12.4-cudnn9-runtime,docker.io/pytorch/pytorch@sha256:c8268a92a69bd500f8be0e665b2630ee006dadaf7bfbc24249141b15ff622755,9f9c89fe3fbadc73b5faa44b08df9a91fe10e27ee249979b22f9fdc78a0af673,25bfb2486350ccd77816290249d23b4903f762ea4b48f551b2b1a045ac6c4a21,default,ksolver-vram-focus-mlp-fp16-b128-s1024-pad8g,ksolver-vram-focus-mlp-fp16-b128-s1024-pad8g-hbbmv,data/raw/1783097674-focus-mlp-fp16-b128-s1024-pad8g.log,1783097674
1,focus-mlp-fp16-b128-s1024-pad16g,True,False,,pytorch,2.5.1+cu124,synthetic,,,mlp,mlp,fp16,2.0,128,1024,,1024,4,,adamw,False,1,rtx-4090,1,,,0.2,16384,4198400,4.1984,536.870912,131072.0,2,2,1.494328498840332,171.3144065703544,rtx-4090,NVIDIA GeForce RTX 4090,24563,23.99,17390,0.7079754101697675,False,16441,16450,97,88.08,48,6,pytorch/pytorch:2.5.1-cuda12.4-cudnn9-runtime,docker.io/pytorch/pytorch@sha256:c8268a92a69bd500f8be0e665b2630ee006dadaf7bfbc24249141b15ff622755,9f9c89fe3fbadc73b5faa44b08df9a91fe10e27ee249979b22f9fdc78a0af673,1586622d2afbbb0917e9655c455250ad169903620b403de68a57211329ab4f32,default,ksolver-vram-focus-mlp-fp16-b128-s1024-pad16g,ksolver-vram-focus-mlp-fp16-b128-s1024-pad16g-rnk8n,data/raw/1783097681-focus-mlp-fp16-b128-s1024-pad16g.log,1783097681
1,overnight-cnn-resnet-fp32-b64-i160,True,False,,pytorch,2.5.1+cu124,pytorch-image-classification,,,cnn,resnet,fp32,4.0,64,,160,128,8,,sgd,False,1,rtx-4090,1,,,0.2,0,57032,0.057032,13.1072,1638400.0,3,3,1.3051886558532715,147.10517068850814,rtx-4090,NVIDIA GeForce RTX 4090,24563,23.99,2076,0.08451736351422871,False,996,1088,25,75.41,48,5,pytorch/pytorch:2.5.1-cuda12.4-cudnn9-runtime,docker.io/pytorch/pytorch@sha256:c8268a92a69bd500f8be0e665b2630ee006dadaf7bfbc24249141b15ff622755,9f9c89fe3fbadc73b5faa44b08df9a91fe10e27ee249979b22f9fdc78a0af673,1c97c292be384b5343654aac47b38da79653639c3697590c3a34250566458e8e,default,ksolver-vram-overnight-cnn-resnet-fp32-b64-i160,ksolver-vram-overnight-cnn-resnet-fp32-b64-i160-hk4sh,data/raw/1783097688-overnight-cnn-resnet-fp32-b64-i160.log,1783097688
1,overnight-cnn-resnet-fp32-b32-i224,True,False,,pytorch,2.5.1+cu124,pytorch-image-classification,,,cnn,resnet,fp32,4.0,32,,224,128,8,,sgd,False,1,rtx-4090,1,,,0.2,0,57032,0.057032,12.845056,1605632.0,3,3,1.2154595851898193,78.9824698161458,rtx-4090,NVIDIA GeForce RTX 4090,24563,23.99,2028,0.08256320482025811,False,943,1084,18,65.85,48,5,pytorch/pytorch:2.5.1-cuda12.4-cudnn9-runtime,docker.io/pytorch/pytorch@sha256:c8268a92a69bd500f8be0e665b2630ee006dadaf7bfbc24249141b15ff622755,9f9c89fe3fbadc73b5faa44b08df9a91fe10e27ee249979b22f9fdc78a0af673,db8fcbfa5221189330fc190b1fb6bf105b185377b5ed863577503a1f48c7b5bf,default,ksolver-vram-overnight-cnn-resnet-fp32-b32-i224,ksolver-vram-overnight-cnn-resnet-fp32-b32-i224-gdrdv,data/raw/1783097695-overnight-cnn-resnet-fp32-b32-i224.log,1783097695
1,overnight-cnn-resnet-fp32-b12-i320,True,False,,pytorch,2.5.1+cu124,pytorch-image-classification,,,cnn,resnet,fp32,4.0,12,,320,128,12,,sgd,False,1,rtx-4090,1,,,0.2,0,75848,0.075848,14.7456,1228800.0,3,3,1.2457025051116943,28.899355867292012,rtx-4090,NVIDIA GeForce RTX 4090,24563,23.99,2110,0.08590155925579122,False,1025,1154,15,61.84,48,5,pytorch/pytorch:2.5.1-cuda12.4-cudnn9-runtime,docker.io/pytorch/pytorch@sha256:c8268a92a69bd500f8be0e665b2630ee006dadaf7bfbc24249141b15ff622755,9f9c89fe3fbadc73b5faa44b08df9a91fe10e27ee249979b22f9fdc78a0af673,76bbe4b1c11b125e797dc87770741fe76ab9350da43188d7aa3e69f25ce3970f,default,ksolver-vram-overnight-cnn-resnet-fp32-b12-i320,ksolver-vram-overnight-cnn-resnet-fp32-b12-i320-jcx2d,data/raw/1783097702-overnight-cnn-resnet-fp32-b12-i320.log,1783097702
1,overnight-cnn-resnet-fp32-b8-i384,True,False,,pytorch,2.5.1+cu124,pytorch-image-classification,,,cnn,resnet,fp32,4.0,8,,384,128,12,,sgd,False,1,rtx-4090,1,,,0.2,0,75848,0.075848,14.155776,1179648.0,3,3,1.2954683303833008,18.526118653088897,rtx-4090,NVIDIA GeForce RTX 4090,24563,23.99,2002,0.08150470219435736,False,985,1046,13,63.73,49,5,pytorch/pytorch:2.5.1-cuda12.4-cudnn9-runtime,docker.io/pytorch/pytorch@sha256:c8268a92a69bd500f8be0e665b2630ee006dadaf7bfbc24249141b15ff622755,9f9c89fe3fbadc73b5faa44b08df9a91fe10e27ee249979b22f9fdc78a0af673,0c6362a2d609f1d9feae57dee3543f52f39eeff1b6287fa2cfb3e09bb26eda71,default,ksolver-vram-overnight-cnn-resnet-fp32-b8-i384,ksolver-vram-overnight-cnn-resnet-fp32-b8-i384-qrgkh,data/raw/1783097709-overnight-cnn-resnet-fp32-b8-i384.log,1783097709
1,overnight-cnn-resnet-fp16-b64-i160,True,False,,pytorch,2.5.1+cu124,pytorch-image-classification,,,cnn,resnet,fp16,2.0,64,,160,128,8,,adamw,False,1,rtx-4090,1,,,0.2,0,57032,0.057032,13.1072,1638400.0,3,3,1.238633394241333,155.0095459178223,rtx-4090,NVIDIA GeForce RTX 4090,24563,23.99,1482,0.060334649676342465,False,504,562,11,63.24,48,5,pytorch/pytorch:2.5.1-cuda12.4-cudnn9-runtime,docker.io/pytorch/pytorch@sha256:c8268a92a69bd500f8be0e665b2630ee006dadaf7bfbc24249141b15ff622755,9f9c89fe3fbadc73b5faa44b08df9a91fe10e27ee249979b22f9fdc78a0af673,95179cfab8a5d96e07a9702443b0f37532844d8c77a25501420458f4cc146986,default,ksolver-vram-overnight-cnn-resnet-fp16-b64-i160,ksolver-vram-overnight-cnn-resnet-fp16-b64-i160-5h8w4,data/raw/1783097715-overnight-cnn-resnet-fp16-b64-i160.log,1783097715
1,overnight-cnn-resnet-fp16-b32-i224,True,False,,pytorch,2.5.1+cu124,pytorch-image-classification,,,cnn,resnet,fp16,2.0,32,,224,128,8,,adamw,False,1,rtx-4090,1,,,0.2,0,57032,0.057032,12.845056,1605632.0,3,3,1.2937824726104736,74.20103613422754,rtx-4090,NVIDIA GeForce RTX 4090,24563,23.99,1536,0.0625330782070594,False,480,534,13,65.34,50,5,pytorch/pytorch:2.5.1-cuda12.4-cudnn9-runtime,docker.io/pytorch/pytorch@sha256:c8268a92a69bd500f8be0e665b2630ee006dadaf7bfbc24249141b15ff622755,9f9c89fe3fbadc73b5faa44b08df9a91fe10e27ee249979b22f9fdc78a0af673,2e0c60370f0baedae87d32da7f992c9b3053c956e89d16a33c55ad15cbc46f63,default,ksolver-vram-overnight-cnn-resnet-fp16-b32-i224,ksolver-vram-overnight-cnn-resnet-fp16-b32-i224-lh6nj,data/raw/1783097721-overnight-cnn-resnet-fp16-b32-i224.log,1783097722
1,overnight-cnn-resnet-fp16-b12-i320,True,False,,pytorch,2.5.1+cu124,pytorch-image-classification,,,cnn,resnet,fp16,2.0,12,,320,128,12,,adamw,False,1,rtx-4090,1,,,0.2,0,75848,0.075848,14.7456,1228800.0,3,3,1.2261614799499512,29.359917587257293,rtx-4090,NVIDIA GeForce RTX 4090,24563,23.99,1522,0.061963115254651306,False,522,576,13,62.06,49,5,pytorch/pytorch:2.5.1-cuda12.4-cudnn9-runtime,docker.io/pytorch/pytorch@sha256:c8268a92a69bd500f8be0e665b2630ee006dadaf7bfbc24249141b15ff622755,9f9c89fe3fbadc73b5faa44b08df9a91fe10e27ee249979b22f9fdc78a0af673,a076a5fb9cd7ca96ecd70531fe6dad7033a73a39f31f335d67532708dc3902ab,default,ksolver-vram-overnight-cnn-resnet-fp16-b12-i320,ksolver-vram-overnight-cnn-resnet-fp16-b12-i320-wsh8g,data/raw/1783097728-overnight-cnn-resnet-fp16-b12-i320.log,1783097729
1,overnight-cnn-resnet-fp16-b8-i384,True,False,,pytorch,2.5.1+cu124,pytorch-image-classification,,,cnn,resnet,fp16,2.0,8,,384,128,12,,adamw,False,1,rtx-4090,1,,,0.2,0,75848,0.075848,14.155776,1179648.0,3,3,1.2745344638824463,18.830404889085514,rtx-4090,NVIDIA GeForce RTX 4090,24563,23.99,1594,0.06489435329560721,False,502,592,13,65.55,49,5,pytorch/pytorch:2.5.1-cuda12.4-cudnn9-runtime,docker.io/pytorch/pytorch@sha256:c8268a92a69bd500f8be0e665b2630ee006dadaf7bfbc24249141b15ff622755,9f9c89fe3fbadc73b5faa44b08df9a91fe10e27ee249979b22f9fdc78a0af673,654d2e8b991816e8ae62b06abc7ce36183f9c4b40c92856022ee193a6e9d4c6a,default,ksolver-vram-overnight-cnn-resnet-fp16-b8-i384,ksolver-vram-overnight-cnn-resnet-fp16-b8-i384-tvh8h,data/raw/1783097736-overnight-cnn-resnet-fp16-b8-i384.log,1783097736
1,realistic-cnn-resnet-fp32-b32-i224,True,False,,pytorch,2.5.1+cu124,pytorch-image-classification-style,,,cnn,resnet,fp32,4.0,32,,224,192,10,,sgd,False,1,rtx-4090,1,cpu_to_gpu,5,0.1,0,133720,0.13372,16.05632,1605632.0,30,30,2.921968698501587,328.54561395277676,rtx-4090,NVIDIA GeForce RTX 4090,24563,23.99,2756,0.11220127834547897,False,1652,1732,62,227.46,58,19,pytorch/pytorch:2.5.1-cuda12.4-cudnn9-runtime,docker.io/pytorch/pytorch@sha256:c8268a92a69bd500f8be0e665b2630ee006dadaf7bfbc24249141b15ff622755,73344cb62afde7691cd81b0596bd32ad1dd08162760cf3a3fd73f760d2a34946,9e3967a74551947868db5c9d7daed395460b177682903be2e3ece1a3df7b3f71,default,ksolver-vram-realistic-cnn-resnet-fp32-b32-i224,ksolver-vram-realistic-cnn-resnet-fp32-b32-i224-47qzp,data/raw/1783098400-realistic-cnn-resnet-fp32-b32-i224.log,1783098400
1,realistic-cnn-resnet-fp32-b12-i320,True,False,,pytorch,2.5.1+cu124,pytorch-image-classification-style,,,cnn,resnet,fp32,4.0,12,,320,192,14,,sgd,False,1,rtx-4090,1,cpu_to_gpu,5,0.1,0,175768,0.175768,17.2032,1228800.0,30,30,2.5378012657165527,141.85507938043895,rtx-4090,NVIDIA GeForce RTX 4090,24563,23.99,2884,0.11741236819606725,False,1718,1848,64,252.21,60,17,pytorch/pytorch:2.5.1-cuda12.4-cudnn9-runtime,docker.io/pytorch/pytorch@sha256:c8268a92a69bd500f8be0e665b2630ee006dadaf7bfbc24249141b15ff622755,73344cb62afde7691cd81b0596bd32ad1dd08162760cf3a3fd73f760d2a34946,18d2ec34299bec8a284e8b4357fbe53d122e663dc525fa595231fd06f80ca861,default,ksolver-vram-realistic-cnn-resnet-fp32-b12-i320,ksolver-vram-realistic-cnn-resnet-fp32-b12-i320-sdpnm,data/raw/1783098408-realistic-cnn-resnet-fp32-b12-i320.log,1783098408
1,realistic-cnn-resnet-fp16-b32-i224,True,False,,pytorch,2.5.1+cu124,pytorch-image-classification-style,,,cnn,resnet,fp16,2.0,32,,224,192,10,,adamw,False,1,rtx-4090,1,cpu_to_gpu,5,0.1,0,133720,0.13372,16.05632,1605632.0,30,30,2.683086633682251,357.79687019740476,rtx-4090,NVIDIA GeForce RTX 4090,24563,23.99,1954,0.07955054350038676,False,854,910,57,168.29,55,18,pytorch/pytorch:2.5.1-cuda12.4-cudnn9-runtime,docker.io/pytorch/pytorch@sha256:c8268a92a69bd500f8be0e665b2630ee006dadaf7bfbc24249141b15ff622755,73344cb62afde7691cd81b0596bd32ad1dd08162760cf3a3fd73f760d2a34946,bbc266978262084db12806bde74767de680f07285c2bcc34528fb5b79ab406a1,default,ksolver-vram-realistic-cnn-resnet-fp16-b32-i224,ksolver-vram-realistic-cnn-resnet-fp16-b32-i224-pz7mb,data/raw/1783098416-realistic-cnn-resnet-fp16-b32-i224.log,1783098416
1,realistic-cnn-resnet-fp16-b12-i320,True,False,,pytorch,2.5.1+cu124,pytorch-image-classification-style,,,cnn,resnet,fp16,2.0,12,,320,192,14,,adamw,False,1,rtx-4090,1,cpu_to_gpu,5,0.1,0,175768,0.175768,17.2032,1228800.0,30,30,2.7229208946228027,132.21096533172317,rtx-4090,NVIDIA GeForce RTX 4090,24563,23.99,2024,0.08240035826242723,False,883,980,64,176.18,55,18,pytorch/pytorch:2.5.1-cuda12.4-cudnn9-runtime,docker.io/pytorch/pytorch@sha256:c8268a92a69bd500f8be0e665b2630ee006dadaf7bfbc24249141b15ff622755,73344cb62afde7691cd81b0596bd32ad1dd08162760cf3a3fd73f760d2a34946,f35fa906bbf5e94315bc7b01177495de3e6cc0efedcf0661a84691f8a128fbc5,default,ksolver-vram-realistic-cnn-resnet-fp16-b12-i320,ksolver-vram-realistic-cnn-resnet-fp16-b12-i320-w9268,data/raw/1783098424-realistic-cnn-resnet-fp16-b12-i320.log,1783098424
1,realistic-cnn-efficientnet-fp32-b32-i224,True,False,,pytorch,2.5.1+cu124,pytorch-image-classification-style,,,cnn,efficientnet,fp32,4.0,32,,224,192,10,,sgd,False,1,rtx-4090,1,cpu_to_gpu,5,0.1,0,75352,0.075352,16.05632,1605632.0,30,30,2.854926347732544,336.26086387918787,rtx-4090,NVIDIA GeForce RTX 4090,24563,23.99,5042,0.2052680861458291,False,3951,4004,67,232.09,54,20,pytorch/pytorch:2.5.1-cuda12.4-cudnn9-runtime,docker.io/pytorch/pytorch@sha256:c8268a92a69bd500f8be0e665b2630ee006dadaf7bfbc24249141b15ff622755,73344cb62afde7691cd81b0596bd32ad1dd08162760cf3a3fd73f760d2a34946,3d194049d856818912200ca97874ad92540b214965e6007bb9167394ec6a98f4,default,ksolver-vram-realistic-cnn-efficientnet-fp32-b32-i224,ksolver-vram-realistic-cnn-efficientnet-fp32-b32-i224-lbfjf,data/raw/1783098432-realistic-cnn-efficientnet-fp32-b32-i224.log,1783098432
1,realistic-cnn-efficientnet-fp32-b12-i320,True,False,,pytorch,2.5.1+cu124,pytorch-image-classification-style,,,cnn,efficientnet,fp32,4.0,12,,320,192,14,,sgd,False,1,rtx-4090,1,cpu_to_gpu,5,0.1,0,95224,0.095224,17.2032,1228800.0,30,30,2.9621169567108154,121.53470145208246,rtx-4090,NVIDIA GeForce RTX 4090,24563,23.99,5292,0.21544599601025932,False,4137,4254,74,239.72,55,20,pytorch/pytorch:2.5.1-cuda12.4-cudnn9-runtime,docker.io/pytorch/pytorch@sha256:c8268a92a69bd500f8be0e665b2630ee006dadaf7bfbc24249141b15ff622755,73344cb62afde7691cd81b0596bd32ad1dd08162760cf3a3fd73f760d2a34946,fee9f4558c3e0a6df2081fde1474dd98ffe973e80fdd7cac8c3750278e053d56,default,ksolver-vram-realistic-cnn-efficientnet-fp32-b12-i320,ksolver-vram-realistic-cnn-efficientnet-fp32-b12-i320-fcqqb,data/raw/1783098440-realistic-cnn-efficientnet-fp32-b12-i320.log,1783098440
1,realistic-cnn-efficientnet-fp16-b32-i224,True,False,,pytorch,2.5.1+cu124,pytorch-image-classification-style,,,cnn,efficientnet,fp16,2.0,32,,224,192,10,,adamw,False,1,rtx-4090,1,cpu_to_gpu,5,0.1,0,75352,0.075352,16.05632,1605632.0,30,30,2.531067132949829,379.28666035861687,rtx-4090,NVIDIA GeForce RTX 4090,24563,23.99,3080,0.12539184952978055,False,1984,2036,48,178.32,48,17,pytorch/pytorch:2.5.1-cuda12.4-cudnn9-runtime,docker.io/pytorch/pytorch@sha256:c8268a92a69bd500f8be0e665b2630ee006dadaf7bfbc24249141b15ff622755,73344cb62afde7691cd81b0596bd32ad1dd08162760cf3a3fd73f760d2a34946,08683f75689b91e7a4cacd4a0a29da09dbc85f653015920bff474b8d63491766,default,ksolver-vram-realistic-cnn-efficientnet-fp16-b32-i224,ksolver-vram-realistic-cnn-efficientnet-fp16-b32-i224-5f2k7,data/raw/1783098500-realistic-cnn-efficientnet-fp16-b32-i224.log,1783098500
1,realistic-transformer-bert-fp32-ckpt0-b2-s1024,True,False,,pytorch,2.5.1+cu124,hf-trainer-style,,,transformer,bert,fp32,4.0,2,1024,,1024,8,16,adamw,False,1,rtx-4090,1,cpu_to_gpu,5,0.1,0,166337792,166.337792,16.777216,2048.0,30,30,3.8839218616485596,15.448302550178637,rtx-4090,NVIDIA GeForce RTX 4090,24563,23.99,5424,0.2208199324186785,False,4021,4392,93,375.01,63,27,pytorch/pytorch:2.5.1-cuda12.4-cudnn9-runtime,docker.io/pytorch/pytorch@sha256:c8268a92a69bd500f8be0e665b2630ee006dadaf7bfbc24249141b15ff622755,73344cb62afde7691cd81b0596bd32ad1dd08162760cf3a3fd73f760d2a34946,83597ec009af5c8b599e1db7dc8765fae7ccef313353c960d2c3419a3785e179,default,ksolver-vram-realistic-transformer-bert-fp32-ckpt0-b2-s102,ksolver-vram-realistic-transformer-bert-fp32-ckpt0-b2-s1028ws47,data/raw/1783098509-realistic-transformer-bert-fp32-ckpt0-b2-s102.log,1783098509
1,realistic-transformer-bert-fp16-ckpt1-b2-s1024,True,False,,pytorch,2.5.1+cu124,hf-trainer-style,,,transformer,bert,fp16,2.0,2,1024,,1024,8,16,adamw,True,1,rtx-4090,1,cpu_to_gpu,5,0.1,0,166337792,166.337792,16.777216,2048.0,30,30,2.806065559387207,21.382251672374643,rtx-4090,NVIDIA GeForce RTX 4090,24563,23.99,3236,0.13174286528518503,False,1729,2198,76,225.1,51,19,pytorch/pytorch:2.5.1-cuda12.4-cudnn9-runtime,docker.io/pytorch/pytorch@sha256:c8268a92a69bd500f8be0e665b2630ee006dadaf7bfbc24249141b15ff622755,73344cb62afde7691cd81b0596bd32ad1dd08162760cf3a3fd73f760d2a34946,1322a2960e13045e9218b771e46e7d09127238cdee58989ff46d51e74d8a11eb,default,ksolver-vram-realistic-transformer-bert-fp16-ckpt1-b2-s102,ksolver-vram-realistic-transformer-bert-fp16-ckpt1-b2-s102mzlfr,data/raw/1783098517-realistic-transformer-bert-fp16-ckpt1-b2-s102.log,1783098517
1,realistic-transformer-gpt-fp16-ckpt1-b4-s512,True,False,,pytorch,2.5.1+cu124,hf-trainer-style,,,transformer,gpt,fp16,2.0,4,512,,768,6,12,adamw,True,1,rtx-4090,1,cpu_to_gpu,5,0.1,0,91711232,91.711232,9.437184,2048.0,30,30,2.224574327468872,53.94290427532552,rtx-4090,NVIDIA GeForce RTX 4090,24563,23.99,2475,0.10076130765785939,False,1073,1430,58,154.8,48,15,pytorch/pytorch:2.5.1-cuda12.4-cudnn9-runtime,docker.io/pytorch/pytorch@sha256:c8268a92a69bd500f8be0e665b2630ee006dadaf7bfbc24249141b15ff622755,c58a06825d783e8ea75ea2083fbefb114569892e959ea3666f59be643967eb7c,44b352902979fb8352aeeb821c96ad3dd4fb1e9473db328af5949e59751a7585,default,ksolver-vram-realistic-transformer-gpt-fp16-ckpt1-b4-s512,ksolver-vram-realistic-transformer-gpt-fp16-ckpt1-b4-s512-md267,data/raw/1783098691-realistic-transformer-gpt-fp16-ckpt1-b4-s512.log,1783098691
1,realistic-transformer-t5-fp16-ckpt0-b4-s512,True,False,,pytorch,2.5.1+cu124,hf-trainer-style,,,transformer,t5,fp16,2.0,4,512,,768,6,12,adamw,False,1,rtx-4090,1,cpu_to_gpu,5,0.1,0,91711232,91.711232,9.437184,2048.0,30,30,2.0651612281799316,58.10684336048592,rtx-4090,NVIDIA GeForce RTX 4090,24563,23.99,2551,0.10385539225664618,False,1347,1506,63,126.37,46,14,pytorch/pytorch:2.5.1-cuda12.4-cudnn9-runtime,docker.io/pytorch/pytorch@sha256:c8268a92a69bd500f8be0e665b2630ee006dadaf7bfbc24249141b15ff622755,c58a06825d783e8ea75ea2083fbefb114569892e959ea3666f59be643967eb7c,5a2f875d2941cf5fa7232b54362812c05e081e5e466c852ba2c86ae9ffbe325f,default,ksolver-vram-realistic-transformer-t5-fp16-ckpt0-b4-s512,ksolver-vram-realistic-transformer-t5-fp16-ckpt0-b4-s512-vn5gt,data/raw/1783098698-realistic-transformer-t5-fp16-ckpt0-b4-s512.log,1783098698
1,realistic-mlp-fp32-sgd-b32-s4096-acc4,True,False,,pytorch,2.5.1+cu124,pytorch-tabular-style,,,mlp,tabular-mlp,fp32,4.0,32,4096,,2048,8,,sgd,False,4,rtx-4090,1,cpu_to_gpu,5,0.1,0,41961472,41.961472,2147.483648,131072.0,30,30,2.1301374435424805,450.6751444186118,rtx-4090,NVIDIA GeForce RTX 4090,24563,23.99,1419,0.057769816390506046,False,375,380,19,98.89,47,14,pytorch/pytorch:2.5.1-cuda12.4-cudnn9-runtime,docker.io/pytorch/pytorch@sha256:c8268a92a69bd500f8be0e665b2630ee006dadaf7bfbc24249141b15ff622755,c58a06825d783e8ea75ea2083fbefb114569892e959ea3666f59be643967eb7c,c7752b024247b5f58aad09117060cd61987146f00965c5c9b8e1f82d70b18118,default,ksolver-vram-realistic-mlp-fp32-sgd-b32-s4096-acc4,ksolver-vram-realistic-mlp-fp32-sgd-b32-s4096-acc4-dtvlp,data/raw/1783098706-realistic-mlp-fp32-sgd-b32-s4096-acc4.log,1783098706
1,realistic-mlp-fp16-adamw-b128-s1024-acc1,True,False,,pytorch,2.5.1+cu124,pytorch-tabular-style,,,mlp,tabular-mlp,fp16,2.0,128,1024,,2048,8,,adamw,False,1,rtx-4090,1,cpu_to_gpu,5,0.1,0,29375488,29.375488,2147.483648,131072.0,30,30,1.4224107265472412,2699.6421837461908,rtx-4090,NVIDIA GeForce RTX 4090,24563,23.99,1377,0.05605992753328177,False,297,332,17,71.48,46,10,pytorch/pytorch:2.5.1-cuda12.4-cudnn9-runtime,docker.io/pytorch/pytorch@sha256:c8268a92a69bd500f8be0e665b2630ee006dadaf7bfbc24249141b15ff622755,c58a06825d783e8ea75ea2083fbefb114569892e959ea3666f59be643967eb7c,6ff3f4125b742759d22c88e4db07ac11e27cae468350a47ee86966fac61e9a2d,default,ksolver-vram-realistic-mlp-fp16-adamw-b128-s1024-acc1,ksolver-vram-realistic-mlp-fp16-adamw-b128-s1024-acc1-bddcf,data/raw/1783098713-realistic-mlp-fp16-adamw-b128-s1024-acc1.log,1783098713
1,realistic-pressure-gpt-fp16-pad16g,True,False,,pytorch,2.5.1+cu124,hf-trainer-style,,,transformer,gpt,fp16,2.0,2,1024,,1536,10,16,adamw,False,1,rtx-4090,1,cpu_to_gpu,5,0.1,16384,381651200,381.6512,31.45728,2048.0,15,15,4.167513847351074,7.198536369367648,rtx-4090,NVIDIA GeForce RTX 4090,24563,23.99,21795,0.8873101819810284,False,20181,20750,89,204.46,53,29,pytorch/pytorch:2.5.1-cuda12.4-cudnn9-runtime,docker.io/pytorch/pytorch@sha256:c8268a92a69bd500f8be0e665b2630ee006dadaf7bfbc24249141b15ff622755,c58a06825d783e8ea75ea2083fbefb114569892e959ea3666f59be643967eb7c,b05128f4d312fa90671ace094b4e81055882ba8b51d7c25793085e64dc7606d8,default,ksolver-vram-realistic-pressure-gpt-fp16-pad16g,ksolver-vram-realistic-pressure-gpt-fp16-pad16g-5wlx9,data/raw/1783098723-realistic-pressure-gpt-fp16-pad16g.log,1783098724
1,realistic-cnn-efficientnet-fp16-b12-i320,True,False,,pytorch,2.5.1+cu124,pytorch-image-classification-style,,,cnn,efficientnet,fp16,2.0,12,,320,192,14,,adamw,False,1,rtx-4090,1,cpu_to_gpu,5,0.1,0,95224,0.095224,17.2032,1228800.0,30,30,2.619699478149414,137.42034267774415,rtx-4090,NVIDIA GeForce RTX 4090,24563,23.99,3299,0.13430769857102146,False,2077,2200,54,171.25,55,18,pytorch/pytorch:2.5.1-cuda12.4-cudnn9-runtime,docker.io/pytorch/pytorch@sha256:c8268a92a69bd500f8be0e665b2630ee006dadaf7bfbc24249141b15ff622755,c58a06825d783e8ea75ea2083fbefb114569892e959ea3666f59be643967eb7c,01ceb6de632ed8546fd65e86aae57c6bf1d6c79936f4127f83b5a6738992b672,default,ksolver-vram-realistic-cnn-efficientnet-fp16-b12-i320,ksolver-vram-realistic-cnn-efficientnet-fp16-b12-i320-7k54q,data/raw/1783106440-realistic-cnn-efficientnet-fp16-b12-i320.log,1783106440
1,realistic-cnn-convnext-fp32-b32-i224,True,False,,pytorch,2.5.1+cu124,pytorch-image-classification-style,,,cnn,convnext,fp32,4.0,32,,224,256,10,,sgd,False,1,rtx-4090,1,cpu_to_gpu,5,0.1,0,134088,0.134088,16.05632,1605632.0,30,30,2.162238836288452,443.9842555264935,rtx-4090,NVIDIA GeForce RTX 4090,24563,23.99,2487,0.10124984733135203,False,1343,1394,41,158.7,54,15,pytorch/pytorch:2.5.1-cuda12.4-cudnn9-runtime,docker.io/pytorch/pytorch@sha256:c8268a92a69bd500f8be0e665b2630ee006dadaf7bfbc24249141b15ff622755,c58a06825d783e8ea75ea2083fbefb114569892e959ea3666f59be643967eb7c,c3c36bfc6e0f099932344639b5d14d739a3f6dd88982ae827b7a3b274a5427d4,default,ksolver-vram-realistic-cnn-convnext-fp32-b32-i224,ksolver-vram-realistic-cnn-convnext-fp32-b32-i224-l7tqm,data/raw/1783106448-realistic-cnn-convnext-fp32-b32-i224.log,1783106448
1,realistic-cnn-convnext-fp32-b12-i320,True,False,,pytorch,2.5.1+cu124,pytorch-image-classification-style,,,cnn,convnext,fp32,4.0,12,,320,256,14,,sgd,False,1,rtx-4090,1,cpu_to_gpu,5,0.1,0,173896,0.173896,17.2032,1228800.0,30,30,2.0733866691589355,173.6289739655909,rtx-4090,NVIDIA GeForce RTX 4090,24563,23.99,2533,0.1031225827464072,False,1405,1440,48,162.04,54,14,pytorch/pytorch:2.5.1-cuda12.4-cudnn9-runtime,docker.io/pytorch/pytorch@sha256:c8268a92a69bd500f8be0e665b2630ee006dadaf7bfbc24249141b15ff622755,c58a06825d783e8ea75ea2083fbefb114569892e959ea3666f59be643967eb7c,2ff6f1ea1d2952d58c42ef5075dc000d4b86857ec0402af9ad02f4195f84674a,default,ksolver-vram-realistic-cnn-convnext-fp32-b12-i320,ksolver-vram-realistic-cnn-convnext-fp32-b12-i320-6b556,data/raw/1783106456-realistic-cnn-convnext-fp32-b12-i320.log,1783106456
1,realistic-cnn-convnext-fp16-b32-i224,True,False,,pytorch,2.5.1+cu124,pytorch-image-classification-style,,,cnn,convnext,fp16,2.0,32,,224,256,10,,adamw,False,1,rtx-4090,1,cpu_to_gpu,5,0.1,0,134088,0.134088,16.05632,1605632.0,30,30,2.2614288330078125,424.51037414392226,rtx-4090,NVIDIA GeForce RTX 4090,24563,23.99,1861,0.07576436103081871,False,670,762,34,125.03,52,15,pytorch/pytorch:2.5.1-cuda12.4-cudnn9-runtime,docker.io/pytorch/pytorch@sha256:c8268a92a69bd500f8be0e665b2630ee006dadaf7bfbc24249141b15ff622755,c58a06825d783e8ea75ea2083fbefb114569892e959ea3666f59be643967eb7c,e1f364291067075366e65287e6b370d73edf92a288a4a040685d387df8957951,default,ksolver-vram-realistic-cnn-convnext-fp16-b32-i224,ksolver-vram-realistic-cnn-convnext-fp16-b32-i224-v7bdd,data/raw/1783106464-realistic-cnn-convnext-fp16-b32-i224.log,1783106464
1,realistic-cnn-convnext-fp16-b12-i320,True,False,,pytorch,2.5.1+cu124,pytorch-image-classification-style,,,cnn,convnext,fp16,2.0,12,,320,256,14,,adamw,False,1,rtx-4090,1,cpu_to_gpu,5,0.1,0,173896,0.173896,17.2032,1228800.0,30,30,2.1919257640838623,164.23913888820303,rtx-4090,NVIDIA GeForce RTX 4090,24563,23.99,1885,0.07674144037780402,False,704,786,40,124.55,49,15,pytorch/pytorch:2.5.1-cuda12.4-cudnn9-runtime,docker.io/pytorch/pytorch@sha256:c8268a92a69bd500f8be0e665b2630ee006dadaf7bfbc24249141b15ff622755,c58a06825d783e8ea75ea2083fbefb114569892e959ea3666f59be643967eb7c,0d61079df9039dff795e10aca497bf10b647aaf807128591519d7dabf322dadc,default,ksolver-vram-realistic-cnn-convnext-fp16-b12-i320,ksolver-vram-realistic-cnn-convnext-fp16-b12-i320-gbf8m,data/raw/1783106471-realistic-cnn-convnext-fp16-b12-i320.log,1783106471
1,realistic-transformer-bert-fp32-ckpt0-b4-s512,True,False,,pytorch,2.5.1+cu124,hf-trainer-style,,,transformer,bert,fp32,4.0,4,512,,768,6,12,adamw,False,1,rtx-4090,1,cpu_to_gpu,5,0.1,0,91711232,91.711232,9.437184,2048.0,30,30,2.744849443435669,43.71824483378534,rtx-4090,NVIDIA GeForce RTX 4090,24563,23.99,4061,0.16532996783780482,False,2685,2974,86,364.05,63,17,pytorch/pytorch:2.5.1-cuda12.4-cudnn9-runtime,docker.io/pytorch/pytorch@sha256:c8268a92a69bd500f8be0e665b2630ee006dadaf7bfbc24249141b15ff622755,c58a06825d783e8ea75ea2083fbefb114569892e959ea3666f59be643967eb7c,284ee30bb91849c2fd41dcff1eb8757f9a9f8edfd202e7e852b4550074578256,default,ksolver-vram-realistic-transformer-bert-fp32-ckpt0-b4-s512,ksolver-vram-realistic-transformer-bert-fp32-ckpt0-b4-s5128h5gs,data/raw/1783106479-realistic-transformer-bert-fp32-ckpt0-b4-s512.log,1783106479
1,realistic-transformer-bert-fp32-ckpt1-b4-s512,True,False,,pytorch,2.5.1+cu124,hf-trainer-style,,,transformer,bert,fp32,4.0,4,512,,768,6,12,adamw,True,1,rtx-4090,1,cpu_to_gpu,5,0.1,0,91711232,91.711232,9.437184,2048.0,30,30,2.9804296493530273,40.262651401971134,rtx-4090,NVIDIA GeForce RTX 4090,24563,23.99,3929,0.15995603142938566,False,2113,2842,86,378.7,66,20,pytorch/pytorch:2.5.1-cuda12.4-cudnn9-runtime,docker.io/pytorch/pytorch@sha256:c8268a92a69bd500f8be0e665b2630ee006dadaf7bfbc24249141b15ff622755,c58a06825d783e8ea75ea2083fbefb114569892e959ea3666f59be643967eb7c,62589ebd31906c09454d73702db64b24fbc43b4b54440a9036ea0ed9f2dcde71,default,ksolver-vram-realistic-transformer-bert-fp32-ckpt1-b4-s512,ksolver-vram-realistic-transformer-bert-fp32-ckpt1-b4-s512mnr56,data/raw/1783106487-realistic-transformer-bert-fp32-ckpt1-b4-s512.log,1783106487
1,realistic-transformer-bert-fp32-ckpt1-b2-s1024,True,False,,pytorch,2.5.1+cu124,hf-trainer-style,,,transformer,bert,fp32,4.0,2,1024,,1024,8,16,adamw,True,1,rtx-4090,1,cpu_to_gpu,5,0.1,0,166337792,166.337792,16.777216,2048.0,30,30,4.371917963027954,13.723953767523236,rtx-4090,NVIDIA GeForce RTX 4090,24563,23.99,5297,0.21564955420754794,False,3448,4210,93,390.99,67,29,pytorch/pytorch:2.5.1-cuda12.4-cudnn9-runtime,docker.io/pytorch/pytorch@sha256:c8268a92a69bd500f8be0e665b2630ee006dadaf7bfbc24249141b15ff622755,c58a06825d783e8ea75ea2083fbefb114569892e959ea3666f59be643967eb7c,81d3b77791f394b69109665286f1b6791acd63ad67241df76e2992954cb174d6,default,ksolver-vram-realistic-transformer-bert-fp32-ckpt1-b2-s102,ksolver-vram-realistic-transformer-bert-fp32-ckpt1-b2-s102p8xgb,data/raw/1783106497-realistic-transformer-bert-fp32-ckpt1-b2-s102.log,1783106497
1,realistic-transformer-bert-fp16-ckpt0-b4-s512,True,False,,pytorch,2.5.1+cu124,hf-trainer-style,,,transformer,bert,fp16,2.0,4,512,,768,6,12,adamw,False,1,rtx-4090,1,cpu_to_gpu,5,0.1,0,91711232,91.711232,9.437184,2048.0,30,30,2.210008382797241,54.298436573400764,rtx-4090,NVIDIA GeForce RTX 4090,24563,23.99,2599,0.10580955095061678,False,1347,1506,64,143.61,48,15,pytorch/pytorch:2.5.1-cuda12.4-cudnn9-runtime,docker.io/pytorch/pytorch@sha256:c8268a92a69bd500f8be0e665b2630ee006dadaf7bfbc24249141b15ff622755,c58a06825d783e8ea75ea2083fbefb114569892e959ea3666f59be643967eb7c,82133ede8a125c011578abdf55dc71300077eeb618d757cb6b18109f0b4ca2a6,default,ksolver-vram-realistic-transformer-bert-fp16-ckpt0-b4-s512,ksolver-vram-realistic-transformer-bert-fp16-ckpt0-b4-s512tht7m,data/raw/1783106505-realistic-transformer-bert-fp16-ckpt0-b4-s512.log,1783106505
1,realistic-transformer-bert-fp16-ckpt0-b2-s1024,True,False,,pytorch,2.5.1+cu124,hf-trainer-style,,,transformer,bert,fp16,2.0,2,1024,,1024,8,16,adamw,False,1,rtx-4090,1,cpu_to_gpu,5,0.1,0,166337792,166.337792,16.777216,2048.0,30,30,2.5811069011688232,23.245840756471466,rtx-4090,NVIDIA GeForce RTX 4090,24563,23.99,3161,0.12868949232585597,False,1990,2068,79,182.78,53,18,pytorch/pytorch:2.5.1-cuda12.4-cudnn9-runtime,docker.io/pytorch/pytorch@sha256:c8268a92a69bd500f8be0e665b2630ee006dadaf7bfbc24249141b15ff622755,c58a06825d783e8ea75ea2083fbefb114569892e959ea3666f59be643967eb7c,4ca72dc7cbc03d0e29c7dcd714cc601e5edf85200ca2680cb9277cb8827d1f88,default,ksolver-vram-realistic-transformer-bert-fp16-ckpt0-b2-s102,ksolver-vram-realistic-transformer-bert-fp16-ckpt0-b2-s102stdrx,data/raw/1783106513-realistic-transformer-bert-fp16-ckpt0-b2-s102.log,1783106513
1,realistic-transformer-bert-fp16-ckpt1-b4-s512,True,False,,pytorch,2.5.1+cu124,hf-trainer-style,,,transformer,bert,fp16,2.0,4,512,,768,6,12,adamw,True,1,rtx-4090,1,cpu_to_gpu,5,0.1,0,91711232,91.711232,9.437184,2048.0,30,30,2.212235689163208,54.24376823311749,rtx-4090,NVIDIA GeForce RTX 4090,24563,23.99,2521,0.10263404307291454,False,1073,1428,57,150.9,48,16,pytorch/pytorch:2.5.1-cuda12.4-cudnn9-runtime,docker.io/pytorch/pytorch@sha256:c8268a92a69bd500f8be0e665b2630ee006dadaf7bfbc24249141b15ff622755,c58a06825d783e8ea75ea2083fbefb114569892e959ea3666f59be643967eb7c,b927a9b5039e14e89beae612ca094fde1c11f22c4ca8c41fa1edbc765b67039e,default,ksolver-vram-realistic-transformer-bert-fp16-ckpt1-b4-s512,ksolver-vram-realistic-transformer-bert-fp16-ckpt1-b4-s512qs789,data/raw/1783106521-realistic-transformer-bert-fp16-ckpt1-b4-s512.log,1783106521
1,realistic-transformer-gpt-fp32-ckpt0-b4-s512,True,False,,pytorch,2.5.1+cu124,hf-trainer-style,,,transformer,gpt,fp32,4.0,4,512,,768,6,12,adamw,False,1,rtx-4090,1,cpu_to_gpu,5,0.1,0,91711232,91.711232,9.437184,2048.0,30,30,2.711681842803955,44.25297913117884,rtx-4090,NVIDIA GeForce RTX 4090,24563,23.99,4063,0.16541139111672026,False,2685,2976,86,358.96,60,18,pytorch/pytorch:2.5.1-cuda12.4-cudnn9-runtime,docker.io/pytorch/pytorch@sha256:c8268a92a69bd500f8be0e665b2630ee006dadaf7bfbc24249141b15ff622755,c58a06825d783e8ea75ea2083fbefb114569892e959ea3666f59be643967eb7c,9a7e4171e1c554ac2e18a3e8a64e80c53a617f465a2efe6d08605f3a308eba15,default,ksolver-vram-realistic-transformer-gpt-fp32-ckpt0-b4-s512,ksolver-vram-realistic-transformer-gpt-fp32-ckpt0-b4-s512-sj6kd,data/raw/1783106530-realistic-transformer-gpt-fp32-ckpt0-b4-s512.log,1783106530
1,realistic-transformer-gpt-fp32-ckpt0-b2-s1024,True,False,,pytorch,2.5.1+cu124,hf-trainer-style,,,transformer,gpt,fp32,4.0,2,1024,,1024,8,16,adamw,False,1,rtx-4090,1,cpu_to_gpu,5,0.1,0,166337792,166.337792,16.777216,2048.0,30,30,3.8181514739990234,15.714410601200614,rtx-4090,NVIDIA GeForce RTX 4090,24563,23.99,5487,0.22338476570451493,False,4020,4400,93,373.18,64,26,pytorch/pytorch:2.5.1-cuda12.4-cudnn9-runtime,docker.io/pytorch/pytorch@sha256:c8268a92a69bd500f8be0e665b2630ee006dadaf7bfbc24249141b15ff622755,c58a06825d783e8ea75ea2083fbefb114569892e959ea3666f59be643967eb7c,fb2106be79bb0f5bbfade8685adcb84dcad7eebd99ff93e7670557df4a2f2868,default,ksolver-vram-realistic-transformer-gpt-fp32-ckpt0-b2-s1024,ksolver-vram-realistic-transformer-gpt-fp32-ckpt0-b2-s10248xjz7,data/raw/1783106539-realistic-transformer-gpt-fp32-ckpt0-b2-s1024.log,1783106540
1,realistic-transformer-gpt-fp32-ckpt1-b4-s512,True,False,,pytorch,2.5.1+cu124,hf-trainer-style,,,transformer,gpt,fp32,4.0,4,512,,768,6,12,adamw,True,1,rtx-4090,1,cpu_to_gpu,5,0.1,0,91711232,91.711232,9.437184,2048.0,30,30,2.94199800491333,40.78860685819369,rtx-4090,NVIDIA GeForce RTX 4090,24563,23.99,3931,0.1600374547083011,False,2114,2844,87,376.98,61,19,pytorch/pytorch:2.5.1-cuda12.4-cudnn9-runtime,docker.io/pytorch/pytorch@sha256:c8268a92a69bd500f8be0e665b2630ee006dadaf7bfbc24249141b15ff622755,c58a06825d783e8ea75ea2083fbefb114569892e959ea3666f59be643967eb7c,97cf1af93865b56d6d91f4b75e498ead4c7d759fac36a0bcb4c69c801fcaa272,default,ksolver-vram-realistic-transformer-gpt-fp32-ckpt1-b4-s512,ksolver-vram-realistic-transformer-gpt-fp32-ckpt1-b4-s512-k5js5,data/raw/1783106547-realistic-transformer-gpt-fp32-ckpt1-b4-s512.log,1783106547
1,realistic-transformer-gpt-fp32-ckpt1-b2-s1024,True,False,,pytorch,2.5.1+cu124,hf-trainer-style,,,transformer,gpt,fp32,4.0,2,1024,,1024,8,16,adamw,True,1,rtx-4090,1,cpu_to_gpu,5,0.1,0,166337792,166.337792,16.777216,2048.0,30,30,4.516465425491333,13.284724745451312,rtx-4090,NVIDIA GeForce RTX 4090,24563,23.99,5047,0.2054716443431177,False,3448,3960,93,390.87,66,30,pytorch/pytorch:2.5.1-cuda12.4-cudnn9-runtime,docker.io/pytorch/pytorch@sha256:c8268a92a69bd500f8be0e665b2630ee006dadaf7bfbc24249141b15ff622755,c58a06825d783e8ea75ea2083fbefb114569892e959ea3666f59be643967eb7c,6c7b6642a658f403a07e9d0afe8121cab20591e4a53b0ffafbf55d32af411f79,default,ksolver-vram-realistic-transformer-gpt-fp32-ckpt1-b2-s1024,ksolver-vram-realistic-transformer-gpt-fp32-ckpt1-b2-s10242dvx9,data/raw/1783106558-realistic-transformer-gpt-fp32-ckpt1-b2-s1024.log,1783106558
1,realistic-transformer-gpt-fp16-ckpt0-b4-s512,True,False,,pytorch,2.5.1+cu124,hf-trainer-style,,,transformer,gpt,fp16,2.0,4,512,,768,6,12,adamw,False,1,rtx-4090,1,cpu_to_gpu,5,0.1,0,91711232,91.711232,9.437184,2048.0,30,30,2.0962960720062256,57.243822379133675,rtx-4090,NVIDIA GeForce RTX 4090,24563,23.99,2599,0.10580955095061678,False,1347,1506,64,130.59,47,14,pytorch/pytorch:2.5.1-cuda12.4-cudnn9-runtime,docker.io/pytorch/pytorch@sha256:c8268a92a69bd500f8be0e665b2630ee006dadaf7bfbc24249141b15ff622755,c58a06825d783e8ea75ea2083fbefb114569892e959ea3666f59be643967eb7c,44c44f8ef5c54d97205c7f69444eae06e2d7f79a490fac58e5fee2e6374c3ea3,default,ksolver-vram-realistic-transformer-gpt-fp16-ckpt0-b4-s512,ksolver-vram-realistic-transformer-gpt-fp16-ckpt0-b4-s512-qpztk,data/raw/1783106566-realistic-transformer-gpt-fp16-ckpt0-b4-s512.log,1783106566
1,realistic-transformer-gpt-fp16-ckpt0-b2-s1024,True,False,,pytorch,2.5.1+cu124,hf-trainer-style,,,transformer,gpt,fp16,2.0,2,1024,,1024,8,16,adamw,False,1,rtx-4090,1,cpu_to_gpu,5,0.1,0,166337792,166.337792,16.777216,2048.0,30,30,2.626310348510742,22.845738712495724,rtx-4090,NVIDIA GeForce RTX 4090,24563,23.99,3295,0.13414485201319057,False,1990,2202,78,207.81,53,18,pytorch/pytorch:2.5.1-cuda12.4-cudnn9-runtime,docker.io/pytorch/pytorch@sha256:c8268a92a69bd500f8be0e665b2630ee006dadaf7bfbc24249141b15ff622755,c58a06825d783e8ea75ea2083fbefb114569892e959ea3666f59be643967eb7c,a7da5872ed0905b0293d7a308953bb0394bbaab1d3ba88d8b36539fac0a5060b,default,ksolver-vram-realistic-transformer-gpt-fp16-ckpt0-b2-s1024,ksolver-vram-realistic-transformer-gpt-fp16-ckpt0-b2-s10248wgvf,data/raw/1783106576-realistic-transformer-gpt-fp16-ckpt0-b2-s1024.log,1783106576
1,realistic-transformer-gpt-fp16-ckpt1-b2-s1024,True,False,,pytorch,2.5.1+cu124,hf-trainer-style,,,transformer,gpt,fp16,2.0,2,1024,,1024,8,16,adamw,True,1,rtx-4090,1,cpu_to_gpu,5,0.1,0,166337792,166.337792,16.777216,2048.0,30,30,2.8601088523864746,20.978222542102202,rtx-4090,NVIDIA GeForce RTX 4090,24563,23.99,3145,0.12803810609453242,False,1729,2052,78,241.35,54,19,pytorch/pytorch:2.5.1-cuda12.4-cudnn9-runtime,docker.io/pytorch/pytorch@sha256:c8268a92a69bd500f8be0e665b2630ee006dadaf7bfbc24249141b15ff622755,c58a06825d783e8ea75ea2083fbefb114569892e959ea3666f59be643967eb7c,b1d239543e9f642fac61c7ff8fd09074dbe0e346eaccf2d4aabb8f3867e3fb90,default,ksolver-vram-realistic-transformer-gpt-fp16-ckpt1-b2-s1024,ksolver-vram-realistic-transformer-gpt-fp16-ckpt1-b2-s102488h2m,data/raw/1783106583-realistic-transformer-gpt-fp16-ckpt1-b2-s1024.log,1783106583
1,realistic-transformer-t5-fp32-ckpt0-b4-s512,True,False,,pytorch,2.5.1+cu124,hf-trainer-style,,,transformer,t5,fp32,4.0,4,512,,768,6,12,adamw,False,1,rtx-4090,1,cpu_to_gpu,5,0.1,0,91711232,91.711232,9.437184,2048.0,30,30,2.6743199825286865,44.87121989289208,rtx-4090,NVIDIA GeForce RTX 4090,24563,23.99,4061,0.16532996783780482,False,2685,2974,86,362.35,57,18,pytorch/pytorch:2.5.1-cuda12.4-cudnn9-runtime,docker.io/pytorch/pytorch@sha256:c8268a92a69bd500f8be0e665b2630ee006dadaf7bfbc24249141b15ff622755,c58a06825d783e8ea75ea2083fbefb114569892e959ea3666f59be643967eb7c,dd9f434cd8e93cdea1ef1301d979c03065c1270e98d2d3b38b3f94f2737058d9,default,ksolver-vram-realistic-transformer-t5-fp32-ckpt0-b4-s512,ksolver-vram-realistic-transformer-t5-fp32-ckpt0-b4-s512-x4gzf,data/raw/1783106592-realistic-transformer-t5-fp32-ckpt0-b4-s512.log,1783106592
1,realistic-transformer-t5-fp32-ckpt0-b2-s1024,True,False,,pytorch,2.5.1+cu124,hf-trainer-style,,,transformer,t5,fp32,4.0,2,1024,,1024,8,16,adamw,False,1,rtx-4090,1,cpu_to_gpu,5,0.1,0,166337792,166.337792,16.777216,2048.0,30,30,4.02094292640686,14.92187307757098,rtx-4090,NVIDIA GeForce RTX 4090,24563,23.99,5479,0.22305907258885316,False,4021,4392,93,377.53,65,27,pytorch/pytorch:2.5.1-cuda12.4-cudnn9-runtime,docker.io/pytorch/pytorch@sha256:c8268a92a69bd500f8be0e665b2630ee006dadaf7bfbc24249141b15ff622755,c58a06825d783e8ea75ea2083fbefb114569892e959ea3666f59be643967eb7c,a00964433f0967993121dbb3eb5b5526e45926b412fc585dc4e02ba448ca90bf,default,ksolver-vram-realistic-transformer-t5-fp32-ckpt0-b2-s1024,ksolver-vram-realistic-transformer-t5-fp32-ckpt0-b2-s1024-792sp,data/raw/1783106602-realistic-transformer-t5-fp32-ckpt0-b2-s1024.log,1783106602
1,realistic-transformer-t5-fp32-ckpt1-b4-s512,True,False,,pytorch,2.5.1+cu124,hf-trainer-style,,,transformer,t5,fp32,4.0,4,512,,768,6,12,adamw,True,1,rtx-4090,1,cpu_to_gpu,5,0.1,0,91711232,91.711232,9.437184,2048.0,30,30,2.8540916442871094,42.0449007796221,rtx-4090,NVIDIA GeForce RTX 4090,24563,23.99,3929,0.15995603142938566,False,2113,2842,86,376.01,63,19,pytorch/pytorch:2.5.1-cuda12.4-cudnn9-runtime,docker.io/pytorch/pytorch@sha256:c8268a92a69bd500f8be0e665b2630ee006dadaf7bfbc24249141b15ff622755,c58a06825d783e8ea75ea2083fbefb114569892e959ea3666f59be643967eb7c,fa395017b7dc5808f7713e43c0997fd9480f8dfd10ed4a29cefab965da7785a4,default,ksolver-vram-realistic-transformer-t5-fp32-ckpt1-b4-s512,ksolver-vram-realistic-transformer-t5-fp32-ckpt1-b4-s512-rrz5z,data/raw/1783106611-realistic-transformer-t5-fp32-ckpt1-b4-s512.log,1783106612
1,realistic-transformer-t5-fp32-ckpt1-b2-s1024,True,False,,pytorch,2.5.1+cu124,hf-trainer-style,,,transformer,t5,fp32,4.0,2,1024,,1024,8,16,adamw,True,1,rtx-4090,1,cpu_to_gpu,5,0.1,0,166337792,166.337792,16.777216,2048.0,30,30,4.3232433795928955,13.878469179694896,rtx-4090,NVIDIA GeForce RTX 4090,24563,23.99,5297,0.21564955420754794,False,3448,4210,93,389.76,65,30,pytorch/pytorch:2.5.1-cuda12.4-cudnn9-runtime,docker.io/pytorch/pytorch@sha256:c8268a92a69bd500f8be0e665b2630ee006dadaf7bfbc24249141b15ff622755,c58a06825d783e8ea75ea2083fbefb114569892e959ea3666f59be643967eb7c,8d1482bd7332893078eff49350b7fb02a0ece83cc0ec25763633197a468409c5,default,ksolver-vram-realistic-transformer-t5-fp32-ckpt1-b2-s1024,ksolver-vram-realistic-transformer-t5-fp32-ckpt1-b2-s1024-kvq96,data/raw/1783106622-realistic-transformer-t5-fp32-ckpt1-b2-s1024.log,1783106622
1,realistic-transformer-t5-fp16-ckpt0-b2-s1024,True,False,,pytorch,2.5.1+cu124,hf-trainer-style,,,transformer,t5,fp16,2.0,2,1024,,1024,8,16,adamw,False,1,rtx-4090,1,cpu_to_gpu,5,0.1,0,166337792,166.337792,16.777216,2048.0,30,30,2.4957327842712402,24.04103531361036,rtx-4090,NVIDIA GeForce RTX 4090,24563,23.99,3161,0.12868949232585597,False,1990,2068,79,182.65,52,17,pytorch/pytorch:2.5.1-cuda12.4-cudnn9-runtime,docker.io/pytorch/pytorch@sha256:c8268a92a69bd500f8be0e665b2630ee006dadaf7bfbc24249141b15ff622755,c58a06825d783e8ea75ea2083fbefb114569892e959ea3666f59be643967eb7c,4c0e65c8b3f25333516c3544bae1e02291f2467c49fbd1ab7c38dc26718cac3d,default,ksolver-vram-realistic-transformer-t5-fp16-ckpt0-b2-s1024,ksolver-vram-realistic-transformer-t5-fp16-ckpt0-b2-s1024-594vl,data/raw/1783106630-realistic-transformer-t5-fp16-ckpt0-b2-s1024.log,1783106630
1,realistic-transformer-t5-fp16-ckpt1-b4-s512,True,False,,pytorch,2.5.1+cu124,hf-trainer-style,,,transformer,t5,fp16,2.0,4,512,,768,6,12,adamw,True,1,rtx-4090,1,cpu_to_gpu,5,0.1,0,91711232,91.711232,9.437184,2048.0,30,30,2.1946804523468018,54.67766383560867,rtx-4090,NVIDIA GeForce RTX 4090,24563,23.99,2521,0.10263404307291454,False,1073,1428,58,146.77,50,16,pytorch/pytorch:2.5.1-cuda12.4-cudnn9-runtime,docker.io/pytorch/pytorch@sha256:c8268a92a69bd500f8be0e665b2630ee006dadaf7bfbc24249141b15ff622755,c58a06825d783e8ea75ea2083fbefb114569892e959ea3666f59be643967eb7c,3505a5f0d4e3b265d18ad9b6bf071ea9d4793555b4599e89979507a4c97cf514,default,ksolver-vram-realistic-transformer-t5-fp16-ckpt1-b4-s512,ksolver-vram-realistic-transformer-t5-fp16-ckpt1-b4-s512-47k7k,data/raw/1783106637-realistic-transformer-t5-fp16-ckpt1-b4-s512.log,1783106637
1,realistic-transformer-t5-fp16-ckpt1-b2-s1024,True,False,,pytorch,2.5.1+cu124,hf-trainer-style,,,transformer,t5,fp16,2.0,2,1024,,1024,8,16,adamw,True,1,rtx-4090,1,cpu_to_gpu,5,0.1,0,166337792,166.337792,16.777216,2048.0,30,30,2.617974281311035,22.91848335880254,rtx-4090,NVIDIA GeForce RTX 4090,24563,23.99,3291,0.13398200545535968,False,1729,2198,76,222.3,54,17,pytorch/pytorch:2.5.1-cuda12.4-cudnn9-runtime,docker.io/pytorch/pytorch@sha256:c8268a92a69bd500f8be0e665b2630ee006dadaf7bfbc24249141b15ff622755,c58a06825d783e8ea75ea2083fbefb114569892e959ea3666f59be643967eb7c,e0c958fb940c107b719e2b02339462eada90d1f2810b3c2bcce6c9329b2876a6,default,ksolver-vram-realistic-transformer-t5-fp16-ckpt1-b2-s1024,ksolver-vram-realistic-transformer-t5-fp16-ckpt1-b2-s1024-j6psc,data/raw/1783106645-realistic-transformer-t5-fp16-ckpt1-b2-s1024.log,1783106645
1,realistic-mlp-fp32-sgd-b128-s1024-acc1,True,False,,pytorch,2.5.1+cu124,pytorch-tabular-style,,,mlp,tabular-mlp,fp32,4.0,128,1024,,2048,8,,sgd,False,1,rtx-4090,1,cpu_to_gpu,5,0.1,0,29375488,29.375488,2147.483648,131072.0,30,30,1.283782958984375,2991.159816483229,rtx-4090,NVIDIA GeForce RTX 4090,24563,23.99,1357,0.05524569474412735,False,243,270,11,74.28,47,9,pytorch/pytorch:2.5.1-cuda12.4-cudnn9-runtime,docker.io/pytorch/pytorch@sha256:c8268a92a69bd500f8be0e665b2630ee006dadaf7bfbc24249141b15ff622755,c58a06825d783e8ea75ea2083fbefb114569892e959ea3666f59be643967eb7c,0b70545a6958f4215cfb3f7c669e4d3ada6a4862e637de5657def34ecb1df5ca,default,ksolver-vram-realistic-mlp-fp32-sgd-b128-s1024-acc1,ksolver-vram-realistic-mlp-fp32-sgd-b128-s1024-acc1-nb4dp,data/raw/1783106652-realistic-mlp-fp32-sgd-b128-s1024-acc1.log,1783106652
1,realistic-mlp-fp32-sgd-b64-s2048-acc2,True,False,,pytorch,2.5.1+cu124,pytorch-tabular-style,,,mlp,tabular-mlp,fp32,4.0,64,2048,,2048,8,,sgd,False,2,rtx-4090,1,cpu_to_gpu,5,0.1,0,33570816,33.570816,2147.483648,131072.0,30,30,1.6887791156768799,1136.9160017297138,rtx-4090,NVIDIA GeForce RTX 4090,24563,23.99,1391,0.05662989048568986,False,298,304,20,88.74,47,11,pytorch/pytorch:2.5.1-cuda12.4-cudnn9-runtime,docker.io/pytorch/pytorch@sha256:c8268a92a69bd500f8be0e665b2630ee006dadaf7bfbc24249141b15ff622755,c58a06825d783e8ea75ea2083fbefb114569892e959ea3666f59be643967eb7c,d09a5b380918c26073a0d2cefd9ab6fb415a81a55456ee18c35ced9a190d519f,default,ksolver-vram-realistic-mlp-fp32-sgd-b64-s2048-acc2,ksolver-vram-realistic-mlp-fp32-sgd-b64-s2048-acc2-sl6h9,data/raw/1783106660-realistic-mlp-fp32-sgd-b64-s2048-acc2.log,1783106660
1,realistic-mlp-fp32-adamw-b128-s1024-acc1,True,False,,pytorch,2.5.1+cu124,pytorch-tabular-style,,,mlp,tabular-mlp,fp32,4.0,128,1024,,2048,8,,adamw,False,1,rtx-4090,1,cpu_to_gpu,5,0.1,0,29375488,29.375488,2147.483648,131072.0,30,30,1.531174898147583,2507.878103700391,rtx-4090,NVIDIA GeForce RTX 4090,24563,23.99,1705,0.06941334527541423,False,578,618,32,90.82,45,10,pytorch/pytorch:2.5.1-cuda12.4-cudnn9-runtime,docker.io/pytorch/pytorch@sha256:c8268a92a69bd500f8be0e665b2630ee006dadaf7bfbc24249141b15ff622755,c58a06825d783e8ea75ea2083fbefb114569892e959ea3666f59be643967eb7c,e665495865a76800278a2d914e977e90b770dc87b9a653007f2609047979b3f9,default,ksolver-vram-realistic-mlp-fp32-adamw-b128-s1024-acc1,ksolver-vram-realistic-mlp-fp32-adamw-b128-s1024-acc1-w8fxk,data/raw/1783106667-realistic-mlp-fp32-adamw-b128-s1024-acc1.log,1783106667
1,realistic-mlp-fp32-adamw-b64-s2048-acc2,True,False,,pytorch,2.5.1+cu124,pytorch-tabular-style,,,mlp,tabular-mlp,fp32,4.0,64,2048,,2048,8,,adamw,False,2,rtx-4090,1,cpu_to_gpu,5,0.1,0,33570816,33.570816,2147.483648,131072.0,30,30,1.7041611671447754,1126.6540025770275,rtx-4090,NVIDIA GeForce RTX 4090,24563,23.99,1759,0.07161177380613118,False,658,672,23,90.83,46,12,pytorch/pytorch:2.5.1-cuda12.4-cudnn9-runtime,docker.io/pytorch/pytorch@sha256:c8268a92a69bd500f8be0e665b2630ee006dadaf7bfbc24249141b15ff622755,c58a06825d783e8ea75ea2083fbefb114569892e959ea3666f59be643967eb7c,8f8e119f76c7c2bcb4cad5fe549c9e2710f21dc11680ed6522e9af1781ca9a0a,default,ksolver-vram-realistic-mlp-fp32-adamw-b64-s2048-acc2,ksolver-vram-realistic-mlp-fp32-adamw-b64-s2048-acc2-q45wr,data/raw/1783106674-realistic-mlp-fp32-adamw-b64-s2048-acc2.log,1783106674
1,realistic-mlp-fp32-adamw-b32-s4096-acc4,True,False,,pytorch,2.5.1+cu124,pytorch-tabular-style,,,mlp,tabular-mlp,fp32,4.0,32,4096,,2048,8,,adamw,False,4,rtx-4090,1,cpu_to_gpu,5,0.1,0,41961472,41.961472,2147.483648,131072.0,30,30,2.3605055809020996,406.6925356021072,rtx-4090,NVIDIA GeForce RTX 4090,24563,23.99,1915,0.07796278956153564,False,818,828,27,113.94,46,16,pytorch/pytorch:2.5.1-cuda12.4-cudnn9-runtime,docker.io/pytorch/pytorch@sha256:c8268a92a69bd500f8be0e665b2630ee006dadaf7bfbc24249141b15ff622755,c58a06825d783e8ea75ea2083fbefb114569892e959ea3666f59be643967eb7c,2c44d9bdb368a969e24fd45d69dc6b00a911c445b9d3f54799c68d1ee84227b7,default,ksolver-vram-realistic-mlp-fp32-adamw-b32-s4096-acc4,ksolver-vram-realistic-mlp-fp32-adamw-b32-s4096-acc4-4pdvp,data/raw/1783106683-realistic-mlp-fp32-adamw-b32-s4096-acc4.log,1783106683
1,realistic-mlp-fp16-sgd-b128-s1024-acc1,True,False,,pytorch,2.5.1+cu124,pytorch-tabular-style,,,mlp,tabular-mlp,fp16,2.0,128,1024,,2048,8,,sgd,False,1,rtx-4090,1,cpu_to_gpu,5,0.1,0,29375488,29.375488,2147.483648,131072.0,30,30,1.4641802310943604,2622.627951430474,rtx-4090,NVIDIA GeForce RTX 4090,24563,23.99,1245,0.0506859911248626,False,130,152,16,75.5,45,10,pytorch/pytorch:2.5.1-cuda12.4-cudnn9-runtime,docker.io/pytorch/pytorch@sha256:c8268a92a69bd500f8be0e665b2630ee006dadaf7bfbc24249141b15ff622755,c58a06825d783e8ea75ea2083fbefb114569892e959ea3666f59be643967eb7c,3220ac325cef49e3d865a9d2bcb7ec5fc541e1d1462fd1c45ca27850c5d8642f,default,ksolver-vram-realistic-mlp-fp16-sgd-b128-s1024-acc1,ksolver-vram-realistic-mlp-fp16-sgd-b128-s1024-acc1-qr9kw,data/raw/1783106690-realistic-mlp-fp16-sgd-b128-s1024-acc1.log,1783106690
1,realistic-mlp-fp16-sgd-b64-s2048-acc2,True,False,,pytorch,2.5.1+cu124,pytorch-tabular-style,,,mlp,tabular-mlp,fp16,2.0,64,2048,,2048,8,,sgd,False,2,rtx-4090,1,cpu_to_gpu,5,0.1,0,33570816,33.570816,2147.483648,131072.0,30,30,1.8064730167388916,1062.8445496883487,rtx-4090,NVIDIA GeForce RTX 4090,24563,23.99,1301,0.052965842934494974,False,158,208,16,78.05,45,12,pytorch/pytorch:2.5.1-cuda12.4-cudnn9-runtime,docker.io/pytorch/pytorch@sha256:c8268a92a69bd500f8be0e665b2630ee006dadaf7bfbc24249141b15ff622755,c58a06825d783e8ea75ea2083fbefb114569892e959ea3666f59be643967eb7c,9b87fadc316cd0680b632af406341c9f521cb4b905eae8cee968baa018638890,default,ksolver-vram-realistic-mlp-fp16-sgd-b64-s2048-acc2,ksolver-vram-realistic-mlp-fp16-sgd-b64-s2048-acc2-nfcmj,data/raw/1783106697-realistic-mlp-fp16-sgd-b64-s2048-acc2.log,1783106697
1,realistic-mlp-fp16-sgd-b32-s4096-acc4,True,False,,pytorch,2.5.1+cu124,pytorch-tabular-style,,,mlp,tabular-mlp,fp16,2.0,32,4096,,2048,8,,sgd,False,4,rtx-4090,1,cpu_to_gpu,5,0.1,0,41961472,41.961472,2147.483648,131072.0,30,30,2.223454475402832,431.76058274189444,rtx-4090,NVIDIA GeForce RTX 4090,24563,23.99,1319,0.05369865244473395,False,196,226,15,84.09,45,15,pytorch/pytorch:2.5.1-cuda12.4-cudnn9-runtime,docker.io/pytorch/pytorch@sha256:c8268a92a69bd500f8be0e665b2630ee006dadaf7bfbc24249141b15ff622755,c58a06825d783e8ea75ea2083fbefb114569892e959ea3666f59be643967eb7c,ed41eaba9183da98e26a08dcca4b92251e7b004d3d4777e0559ba398a0ef690a,default,ksolver-vram-realistic-mlp-fp16-sgd-b32-s4096-acc4,ksolver-vram-realistic-mlp-fp16-sgd-b32-s4096-acc4-mlc4s,data/raw/1783106705-realistic-mlp-fp16-sgd-b32-s4096-acc4.log,1783106705
1,realistic-mlp-fp16-adamw-b64-s2048-acc2,True,False,,pytorch,2.5.1+cu124,pytorch-tabular-style,,,mlp,tabular-mlp,fp16,2.0,64,2048,,2048,8,,adamw,False,2,rtx-4090,1,cpu_to_gpu,5,0.1,0,33570816,33.570816,2147.483648,131072.0,30,30,1.8583884239196777,1033.153228510955,rtx-4090,NVIDIA GeForce RTX 4090,24563,23.99,1521,0.061922403615193584,False,337,428,14,82.49,45,13,pytorch/pytorch:2.5.1-cuda12.4-cudnn9-runtime,docker.io/pytorch/pytorch@sha256:c8268a92a69bd500f8be0e665b2630ee006dadaf7bfbc24249141b15ff622755,c58a06825d783e8ea75ea2083fbefb114569892e959ea3666f59be643967eb7c,59949c3c1e788a8bb32dd11f20fc39700a62952ff512f74c5194ac16f4241927,default,ksolver-vram-realistic-mlp-fp16-adamw-b64-s2048-acc2,ksolver-vram-realistic-mlp-fp16-adamw-b64-s2048-acc2-z4qwx,data/raw/1783106713-realistic-mlp-fp16-adamw-b64-s2048-acc2.log,1783106713
1,realistic-mlp-fp16-adamw-b32-s4096-acc4,True,False,,pytorch,2.5.1+cu124,pytorch-tabular-style,,,mlp,tabular-mlp,fp16,2.0,32,4096,,2048,8,,adamw,False,4,rtx-4090,1,cpu_to_gpu,5,0.1,0,41961472,41.961472,2147.483648,131072.0,30,30,2.324599504470825,412.97436317682417,rtx-4090,NVIDIA GeForce RTX 4090,24563,23.99,1579,0.0642836787037414,False,417,486,15,86.84,45,16,pytorch/pytorch:2.5.1-cuda12.4-cudnn9-runtime,docker.io/pytorch/pytorch@sha256:c8268a92a69bd500f8be0e665b2630ee006dadaf7bfbc24249141b15ff622755,c58a06825d783e8ea75ea2083fbefb114569892e959ea3666f59be643967eb7c,2dea7b0a353678d5b2d63f6fc2b94969ec2bd9c217b74c098c1389fa053e55fc,default,ksolver-vram-realistic-mlp-fp16-adamw-b32-s4096-acc4,ksolver-vram-realistic-mlp-fp16-adamw-b32-s4096-acc4-pl7ls,data/raw/1783106720-realistic-mlp-fp16-adamw-b32-s4096-acc4.log,1783106721
1,realistic-pressure-gpt-fp16-pad4g,True,False,,pytorch,2.5.1+cu124,hf-trainer-style,,,transformer,gpt,fp16,2.0,2,1024,,1536,10,16,adamw,False,1,rtx-4090,1,cpu_to_gpu,5,0.1,4096,381651200,381.6512,31.45728,2048.0,15,15,3.679287910461426,8.153751685129107,rtx-4090,NVIDIA GeForce RTX 4090,24563,23.99,9555,0.3889997150185238,False,7893,8462,91,216.37,49,26,pytorch/pytorch:2.5.1-cuda12.4-cudnn9-runtime,docker.io/pytorch/pytorch@sha256:c8268a92a69bd500f8be0e665b2630ee006dadaf7bfbc24249141b15ff622755,c58a06825d783e8ea75ea2083fbefb114569892e959ea3666f59be643967eb7c,fdfc6ecfe08705dea7551fa4d66e1ef8ec556ab7f2f49ef244d3415a83ad7d36,default,ksolver-vram-realistic-pressure-gpt-fp16-pad4g,ksolver-vram-realistic-pressure-gpt-fp16-pad4g-6qlnc,data/raw/1783106730-realistic-pressure-gpt-fp16-pad4g.log,1783106731
1,realistic-pressure-gpt-fp16-pad8g,True,False,,pytorch,2.5.1+cu124,hf-trainer-style,,,transformer,gpt,fp16,2.0,2,1024,,1536,10,16,adamw,False,1,rtx-4090,1,cpu_to_gpu,5,0.1,8192,381651200,381.6512,31.45728,2048.0,15,15,3.973682165145874,7.549672760226584,rtx-4090,NVIDIA GeForce RTX 4090,24563,23.99,13651,0.5557545902373489,False,11989,12558,89,218.08,49,27,pytorch/pytorch:2.5.1-cuda12.4-cudnn9-runtime,docker.io/pytorch/pytorch@sha256:c8268a92a69bd500f8be0e665b2630ee006dadaf7bfbc24249141b15ff622755,c58a06825d783e8ea75ea2083fbefb114569892e959ea3666f59be643967eb7c,d7813d929dfee938e32a418e2659acd6d1b151c69775176eae532ae95dc7cb48,default,ksolver-vram-realistic-pressure-gpt-fp16-pad8g,ksolver-vram-realistic-pressure-gpt-fp16-pad8g-fbhmm,data/raw/1783106741-realistic-pressure-gpt-fp16-pad8g.log,1783106741
1,realistic-pressure-gpt-fp16-pad12g,True,False,,pytorch,2.5.1+cu124,hf-trainer-style,,,transformer,gpt,fp16,2.0,2,1024,,1536,10,16,adamw,False,1,rtx-4090,1,cpu_to_gpu,5,0.1,12288,381651200,381.6512,31.45728,2048.0,15,15,3.7785401344299316,7.939574262197456,rtx-4090,NVIDIA GeForce RTX 4090,24563,23.99,17747,0.7225094654561739,False,16085,16654,97,204.07,48,26,pytorch/pytorch:2.5.1-cuda12.4-cudnn9-runtime,docker.io/pytorch/pytorch@sha256:c8268a92a69bd500f8be0e665b2630ee006dadaf7bfbc24249141b15ff622755,c58a06825d783e8ea75ea2083fbefb114569892e959ea3666f59be643967eb7c,8d9478a501abd43df2213cf53d31c3e957fe9eacaa508631107db9ec28993f21,default,ksolver-vram-realistic-pressure-gpt-fp16-pad12g,ksolver-vram-realistic-pressure-gpt-fp16-pad12g-hs66b,data/raw/1783106751-realistic-pressure-gpt-fp16-pad12g.log,1783106751
1,iter2-repeat-bert-fp16-b2-s1024-ckpt1-r1,True,False,,pytorch,2.5.1+cu124,hf-trainer-style,,,transformer,bert,fp16,2.0,2,1024,,1024,8,16,adamw,True,1,rtx-4090,1,cpu_to_gpu,8,0.1,0,166337792,166.337792,16.777216,2048.0,60,60,5.472270488739014,21.928740592582045,rtx-4090,NVIDIA GeForce RTX 4090,24563,23.99,3761,0.15311647600048853,False,1729,2198,71,232.2,58,37,pytorch/pytorch:2.5.1-cuda12.4-cudnn9-runtime,docker.io/pytorch/pytorch@sha256:c8268a92a69bd500f8be0e665b2630ee006dadaf7bfbc24249141b15ff622755,c58a06825d783e8ea75ea2083fbefb114569892e959ea3666f59be643967eb7c,43e75c7e2dadd380e8ab833a45f34bb3940f3c9eb18302d6347161b82911c965,default,ksolver-vram-iter2-repeat-bert-fp16-b2-s1024-ckpt1-r1,ksolver-vram-iter2-repeat-bert-fp16-b2-s1024-ckpt1-r1-dhkxl,data/raw/1783303049-iter2-repeat-bert-fp16-b2-s1024-ckpt1-r1.log,1783303049
1,iter2-repeat-gpt-fp16-b4-s512-ckpt1-r1,True,False,,pytorch,2.5.1+cu124,hf-trainer-style,,,transformer,gpt,fp16,2.0,4,512,,768,6,12,adamw,True,1,rtx-4090,1,cpu_to_gpu,8,0.1,0,91711232,91.711232,9.437184,2048.0,60,60,3.432079553604126,69.9284489917983,rtx-4090,NVIDIA GeForce RTX 4090,24563,23.99,2993,0.12184993689695885,False,1073,1430,55,197.87,55,24,pytorch/pytorch:2.5.1-cuda12.4-cudnn9-runtime,docker.io/pytorch/pytorch@sha256:c8268a92a69bd500f8be0e665b2630ee006dadaf7bfbc24249141b15ff622755,c58a06825d783e8ea75ea2083fbefb114569892e959ea3666f59be643967eb7c,d1bd6a2619fcd264e7b0723bf3b56c4aa49368523611630734952dcd1a3511dc,default,ksolver-vram-iter2-repeat-gpt-fp16-b4-s512-ckpt1-r1,ksolver-vram-iter2-repeat-gpt-fp16-b4-s512-ckpt1-r1-4q79z,data/raw/1783303059-iter2-repeat-gpt-fp16-b4-s512-ckpt1-r1.log,1783303059
1,iter2-repeat-efficientnet-fp16-b32-i224-r1,True,False,,pytorch,2.5.1+cu124,pytorch-image-classification-style,,,cnn,efficientnet,fp16,2.0,32,,224,192,10,,adamw,False,1,rtx-4090,1,cpu_to_gpu,8,0.1,0,75352,0.075352,16.05632,1605632.0,60,60,4.251190662384033,451.63817680275,rtx-4090,NVIDIA GeForce RTX 4090,24563,23.99,3605,0.14676546024508408,False,1984,2036,46,188.47,54,31,pytorch/pytorch:2.5.1-cuda12.4-cudnn9-runtime,docker.io/pytorch/pytorch@sha256:c8268a92a69bd500f8be0e665b2630ee006dadaf7bfbc24249141b15ff622755,c58a06825d783e8ea75ea2083fbefb114569892e959ea3666f59be643967eb7c,e2c748e317ab01875edf25ed612d0552a9031955c3d053212c9fbc43f7b70f4c,default,ksolver-vram-iter2-repeat-efficientnet-fp16-b32-i224-r1,ksolver-vram-iter2-repeat-efficientnet-fp16-b32-i224-r1-d8p9x,data/raw/1783303069-iter2-repeat-efficientnet-fp16-b32-i224-r1.log,1783303069
1,iter2-repeat-mlp-fp32-adamw-b32-s4096-acc4-r1,True,False,,pytorch,2.5.1+cu124,pytorch-tabular-style,,,mlp,tabular-mlp,fp32,4.0,32,4096,,2048,8,,adamw,False,4,rtx-4090,1,cpu_to_gpu,8,0.1,0,41961472,41.961472,2147.483648,131072.0,60,60,4.265899181365967,450.08096027839184,rtx-4090,NVIDIA GeForce RTX 4090,24563,23.99,2385,0.0970972601066645,False,818,828,19,106.4,48,30,pytorch/pytorch:2.5.1-cuda12.4-cudnn9-runtime,docker.io/pytorch/pytorch@sha256:c8268a92a69bd500f8be0e665b2630ee006dadaf7bfbc24249141b15ff622755,c58a06825d783e8ea75ea2083fbefb114569892e959ea3666f59be643967eb7c,847058e5159cadefb921676a6db3a6e9c4e0df261586df538c71c7154c9c7541,default,ksolver-vram-iter2-repeat-mlp-fp32-adamw-b32-s4096-acc4-r1,ksolver-vram-iter2-repeat-mlp-fp32-adamw-b32-s4096-acc4-r1t92d8,data/raw/1783303079-iter2-repeat-mlp-fp32-adamw-b32-s4096-acc4-r1.log,1783303079
1,iter2-repeat-bert-fp16-b2-s1024-ckpt1-r2,True,False,,pytorch,2.5.1+cu124,hf-trainer-style,,,transformer,bert,fp16,2.0,2,1024,,1024,8,16,adamw,True,1,rtx-4090,1,cpu_to_gpu,8,0.1,0,166337792,166.337792,16.777216,2048.0,60,60,4.12468957901001,29.093098450526764,rtx-4090,NVIDIA GeForce RTX 4090,24563,23.99,3761,0.15311647600048853,False,1729,2198,71,230.4,54,28,pytorch/pytorch:2.5.1-cuda12.4-cudnn9-runtime,docker.io/pytorch/pytorch@sha256:c8268a92a69bd500f8be0e665b2630ee006dadaf7bfbc24249141b15ff622755,c58a06825d783e8ea75ea2083fbefb114569892e959ea3666f59be643967eb7c,1fc8f2ea07124b3d696a5995ffda4177b040e65fe76a4674d47051c73055b4ee,default,ksolver-vram-iter2-repeat-bert-fp16-b2-s1024-ckpt1-r2,ksolver-vram-iter2-repeat-bert-fp16-b2-s1024-ckpt1-r2-bwzlb,data/raw/1783303089-iter2-repeat-bert-fp16-b2-s1024-ckpt1-r2.log,1783303089
1,iter2-repeat-gpt-fp16-b4-s512-ckpt1-r2,True,False,,pytorch,2.5.1+cu124,hf-trainer-style,,,transformer,gpt,fp16,2.0,4,512,,768,6,12,adamw,True,1,rtx-4090,1,cpu_to_gpu,8,0.1,0,91711232,91.711232,9.437184,2048.0,60,60,3.3338711261749268,71.98838554847225,rtx-4090,NVIDIA GeForce RTX 4090,24563,23.99,2993,0.12184993689695885,False,1073,1430,54,195.94,51,23,pytorch/pytorch:2.5.1-cuda12.4-cudnn9-runtime,docker.io/pytorch/pytorch@sha256:c8268a92a69bd500f8be0e665b2630ee006dadaf7bfbc24249141b15ff622755,c58a06825d783e8ea75ea2083fbefb114569892e959ea3666f59be643967eb7c,e629d7817311807d63d0f44688cc27caa487a6a6d4c2d2398c923e60be3de430,default,ksolver-vram-iter2-repeat-gpt-fp16-b4-s512-ckpt1-r2,ksolver-vram-iter2-repeat-gpt-fp16-b4-s512-ckpt1-r2-njb2w,data/raw/1783303098-iter2-repeat-gpt-fp16-b4-s512-ckpt1-r2.log,1783303098
1,iter2-repeat-efficientnet-fp16-b32-i224-r2,True,False,,pytorch,2.5.1+cu124,pytorch-image-classification-style,,,cnn,efficientnet,fp16,2.0,32,,224,192,10,,adamw,False,1,rtx-4090,1,cpu_to_gpu,8,0.1,0,75352,0.075352,16.05632,1605632.0,60,60,3.889073133468628,493.69089603300154,rtx-4090,NVIDIA GeForce RTX 4090,24563,23.99,3605,0.14676546024508408,False,1984,2036,49,187.64,50,27,pytorch/pytorch:2.5.1-cuda12.4-cudnn9-runtime,docker.io/pytorch/pytorch@sha256:c8268a92a69bd500f8be0e665b2630ee006dadaf7bfbc24249141b15ff622755,c58a06825d783e8ea75ea2083fbefb114569892e959ea3666f59be643967eb7c,96cd895d873dc64c3614842204a1e12ecba2df36e4433038cdf529222ba04531,default,ksolver-vram-iter2-repeat-efficientnet-fp16-b32-i224-r2,ksolver-vram-iter2-repeat-efficientnet-fp16-b32-i224-r2-tm6v4,data/raw/1783303108-iter2-repeat-efficientnet-fp16-b32-i224-r2.log,1783303108
1,iter2-repeat-mlp-fp32-adamw-b32-s4096-acc4-r2,True,False,,pytorch,2.5.1+cu124,pytorch-tabular-style,,,mlp,tabular-mlp,fp32,4.0,32,4096,,2048,8,,adamw,False,4,rtx-4090,1,cpu_to_gpu,8,0.1,0,41961472,41.961472,2147.483648,131072.0,60,60,4.160350322723389,461.4995976452188,rtx-4090,NVIDIA GeForce RTX 4090,24563,23.99,2385,0.0970972601066645,False,818,828,24,104.96,46,29,pytorch/pytorch:2.5.1-cuda12.4-cudnn9-runtime,docker.io/pytorch/pytorch@sha256:c8268a92a69bd500f8be0e665b2630ee006dadaf7bfbc24249141b15ff622755,c58a06825d783e8ea75ea2083fbefb114569892e959ea3666f59be643967eb7c,0f897de08578ab9e41c7c195942a51bbf2998426f4be7c5b5eb619df15d568c5,default,ksolver-vram-iter2-repeat-mlp-fp32-adamw-b32-s4096-acc4-r2,ksolver-vram-iter2-repeat-mlp-fp32-adamw-b32-s4096-acc4-r2zbgrg,data/raw/1783303118-iter2-repeat-mlp-fp32-adamw-b32-s4096-acc4-r2.log,1783303118
1,iter2-repeat-bert-fp16-b2-s1024-ckpt1-r3,True,False,,pytorch,2.5.1+cu124,hf-trainer-style,,,transformer,bert,fp16,2.0,2,1024,,1024,8,16,adamw,True,1,rtx-4090,1,cpu_to_gpu,8,0.1,0,166337792,166.337792,16.777216,2048.0,60,60,4.084684133529663,29.378036606298227,rtx-4090,NVIDIA GeForce RTX 4090,24563,23.99,3761,0.15311647600048853,False,1729,2198,71,231.2,53,28,pytorch/pytorch:2.5.1-cuda12.4-cudnn9-runtime,docker.io/pytorch/pytorch@sha256:c8268a92a69bd500f8be0e665b2630ee006dadaf7bfbc24249141b15ff622755,c58a06825d783e8ea75ea2083fbefb114569892e959ea3666f59be643967eb7c,0fbe0cea9ebf07c6272573e7e7e4377d20e1d6649dc2a6be11fa4a6f2254b517,default,ksolver-vram-iter2-repeat-bert-fp16-b2-s1024-ckpt1-r3,ksolver-vram-iter2-repeat-bert-fp16-b2-s1024-ckpt1-r3-z8xkz,data/raw/1783303128-iter2-repeat-bert-fp16-b2-s1024-ckpt1-r3.log,1783303128
1,iter2-repeat-gpt-fp16-b4-s512-ckpt1-r3,True,False,,pytorch,2.5.1+cu124,hf-trainer-style,,,transformer,gpt,fp16,2.0,4,512,,768,6,12,adamw,True,1,rtx-4090,1,cpu_to_gpu,8,0.1,0,91711232,91.711232,9.437184,2048.0,60,60,3.2412874698638916,74.04465115526396,rtx-4090,NVIDIA GeForce RTX 4090,24563,23.99,2993,0.12184993689695885,False,1073,1430,53,195.42,50,22,pytorch/pytorch:2.5.1-cuda12.4-cudnn9-runtime,docker.io/pytorch/pytorch@sha256:c8268a92a69bd500f8be0e665b2630ee006dadaf7bfbc24249141b15ff622755,c58a06825d783e8ea75ea2083fbefb114569892e959ea3666f59be643967eb7c,3df5ba44263e6f1d4aff89f9b730ec26c690ec2a602a42e3a6c80000da2c69c5,default,ksolver-vram-iter2-repeat-gpt-fp16-b4-s512-ckpt1-r3,ksolver-vram-iter2-repeat-gpt-fp16-b4-s512-ckpt1-r3-66zwr,data/raw/1783303136-iter2-repeat-gpt-fp16-b4-s512-ckpt1-r3.log,1783303137
1,iter2-repeat-efficientnet-fp16-b32-i224-r3,True,False,,pytorch,2.5.1+cu124,pytorch-image-classification-style,,,cnn,efficientnet,fp16,2.0,32,,224,192,10,,adamw,False,1,rtx-4090,1,cpu_to_gpu,8,0.1,0,75352,0.075352,16.05632,1605632.0,60,60,3.9427928924560547,486.96445701564323,rtx-4090,NVIDIA GeForce RTX 4090,24563,23.99,3605,0.14676546024508408,False,1984,2036,50,186.07,50,27,pytorch/pytorch:2.5.1-cuda12.4-cudnn9-runtime,docker.io/pytorch/pytorch@sha256:c8268a92a69bd500f8be0e665b2630ee006dadaf7bfbc24249141b15ff622755,c58a06825d783e8ea75ea2083fbefb114569892e959ea3666f59be643967eb7c,7fcc1627a65a5dc5fbe722496b3fbaa3cf64a3ee368dcafec1555d1a5fa20eef,default,ksolver-vram-iter2-repeat-efficientnet-fp16-b32-i224-r3,ksolver-vram-iter2-repeat-efficientnet-fp16-b32-i224-r3-kn5sg,data/raw/1783303145-iter2-repeat-efficientnet-fp16-b32-i224-r3.log,1783303145
1,iter2-repeat-mlp-fp32-adamw-b32-s4096-acc4-r3,True,False,,pytorch,2.5.1+cu124,pytorch-tabular-style,,,mlp,tabular-mlp,fp32,4.0,32,4096,,2048,8,,adamw,False,4,rtx-4090,1,cpu_to_gpu,8,0.1,0,41961472,41.961472,2147.483648,131072.0,60,60,4.101799011230469,468.0872940734444,rtx-4090,NVIDIA GeForce RTX 4090,24563,23.99,2385,0.0970972601066645,False,818,828,19,104.39,46,27,pytorch/pytorch:2.5.1-cuda12.4-cudnn9-runtime,docker.io/pytorch/pytorch@sha256:c8268a92a69bd500f8be0e665b2630ee006dadaf7bfbc24249141b15ff622755,c58a06825d783e8ea75ea2083fbefb114569892e959ea3666f59be643967eb7c,16365599829bf521af6b0b57f10051a8642ebb783d6299312c46de58c2a2c6f3,default,ksolver-vram-iter2-repeat-mlp-fp32-adamw-b32-s4096-acc4-r3,ksolver-vram-iter2-repeat-mlp-fp32-adamw-b32-s4096-acc4-r3chktb,data/raw/1783303156-iter2-repeat-mlp-fp32-adamw-b32-s4096-acc4-r3.log,1783303156
1,iter2-long-bert-fp32-ckpt0-b1-s2048,True,False,,pytorch,2.5.1+cu124,hf-trainer-style,,,transformer,bert,fp32,4.0,1,2048,,1024,8,16,adamw,False,1,rtx-4090,1,cpu_to_gpu,8,0.1,0,166337792,166.337792,16.777216,2048.0,40,40,5.402356386184692,7.40417646312468,rtx-4090,NVIDIA GeForce RTX 4090,24563,23.99,5975,0.24325204575988274,False,3957,4418,90,366.46,63,37,pytorch/pytorch:2.5.1-cuda12.4-cudnn9-runtime,docker.io/pytorch/pytorch@sha256:c8268a92a69bd500f8be0e665b2630ee006dadaf7bfbc24249141b15ff622755,c58a06825d783e8ea75ea2083fbefb114569892e959ea3666f59be643967eb7c,a6353ffb3d3662871d1bcbafb53a0a9d23cbd4718dbeb332e160e71f0231db4d,default,ksolver-vram-iter2-long-bert-fp32-ckpt0-b1-s2048,ksolver-vram-iter2-long-bert-fp32-ckpt0-b1-s2048-jjtxr,data/raw/1783303167-iter2-long-bert-fp32-ckpt0-b1-s2048.log,1783303167
1,iter2-long-bert-fp16-ckpt0-b1-s2048,True,False,,pytorch,2.5.1+cu124,hf-trainer-style,,,transformer,bert,fp16,2.0,1,2048,,1024,8,16,adamw,False,1,rtx-4090,1,cpu_to_gpu,8,0.1,0,166337792,166.337792,16.777216,2048.0,40,40,3.1004624366760254,12.901301279071001,rtx-4090,NVIDIA GeForce RTX 4090,24563,23.99,3749,0.1526279363269959,False,1990,2186,73,226.03,49,21,pytorch/pytorch:2.5.1-cuda12.4-cudnn9-runtime,docker.io/pytorch/pytorch@sha256:c8268a92a69bd500f8be0e665b2630ee006dadaf7bfbc24249141b15ff622755,c58a06825d783e8ea75ea2083fbefb114569892e959ea3666f59be643967eb7c,6f0c472bc73441c636304068820bc5b59952f1745c701a16966c4bffa3d64a33,default,ksolver-vram-iter2-long-bert-fp16-ckpt0-b1-s2048,ksolver-vram-iter2-long-bert-fp16-ckpt0-b1-s2048-zsbp4,data/raw/1783303176-iter2-long-bert-fp16-ckpt0-b1-s2048.log,1783303176
1,iter2-long-bert-fp16-ckpt1-b1-s2048,True,False,,pytorch,2.5.1+cu124,hf-trainer-style,,,transformer,bert,fp16,2.0,1,2048,,1024,8,16,adamw,True,1,rtx-4090,1,cpu_to_gpu,8,0.1,0,166337792,166.337792,16.777216,2048.0,40,40,3.2565042972564697,12.283109846868339,rtx-4090,NVIDIA GeForce RTX 4090,24563,23.99,3619,0.14733542319749215,False,1728,2056,72,227.9,51,22,pytorch/pytorch:2.5.1-cuda12.4-cudnn9-runtime,docker.io/pytorch/pytorch@sha256:c8268a92a69bd500f8be0e665b2630ee006dadaf7bfbc24249141b15ff622755,c58a06825d783e8ea75ea2083fbefb114569892e959ea3666f59be643967eb7c,308300b32f8e3137a1bfa653b6efe7922700db4485a7362c8c1119b7c8b8361d,default,ksolver-vram-iter2-long-bert-fp16-ckpt1-b1-s2048,ksolver-vram-iter2-long-bert-fp16-ckpt1-b1-s2048-mzkv8,data/raw/1783303185-iter2-long-bert-fp16-ckpt1-b1-s2048.log,1783303185
1,iter2-long-gpt-fp32-ckpt0-b1-s2048,True,False,,pytorch,2.5.1+cu124,hf-trainer-style,,,transformer,gpt,fp32,4.0,1,2048,,1024,8,16,adamw,False,1,rtx-4090,1,cpu_to_gpu,8,0.1,0,166337792,166.337792,16.777216,2048.0,40,40,4.951077222824097,8.079049911724864,rtx-4090,NVIDIA GeForce RTX 4090,24563,23.99,5895,0.2399951146032651,False,3957,4338,90,363.63,58,33,pytorch/pytorch:2.5.1-cuda12.4-cudnn9-runtime,docker.io/pytorch/pytorch@sha256:c8268a92a69bd500f8be0e665b2630ee006dadaf7bfbc24249141b15ff622755,c58a06825d783e8ea75ea2083fbefb114569892e959ea3666f59be643967eb7c,bb5f44f453a44866f20f74e1f9e37368399d689cb621efd1ca75a0bb91e16fba,default,ksolver-vram-iter2-long-gpt-fp32-ckpt0-b1-s2048,ksolver-vram-iter2-long-gpt-fp32-ckpt0-b1-s2048-4stlk,data/raw/1783303196-iter2-long-gpt-fp32-ckpt0-b1-s2048.log,1783303196
1,iter2-long-gpt-fp16-ckpt0-b1-s2048,True,False,,pytorch,2.5.1+cu124,hf-trainer-style,,,transformer,gpt,fp16,2.0,1,2048,,1024,8,16,adamw,False,1,rtx-4090,1,cpu_to_gpu,8,0.1,0,166337792,166.337792,16.777216,2048.0,40,40,3.1274526119232178,12.7899619797603,rtx-4090,NVIDIA GeForce RTX 4090,24563,23.99,3631,0.14782396287098482,False,1990,2068,72,220.24,50,21,pytorch/pytorch:2.5.1-cuda12.4-cudnn9-runtime,docker.io/pytorch/pytorch@sha256:c8268a92a69bd500f8be0e665b2630ee006dadaf7bfbc24249141b15ff622755,c58a06825d783e8ea75ea2083fbefb114569892e959ea3666f59be643967eb7c,4edd3b9d65e1fa624edbc36749d2f50bde0ce9102d80137b61a380999b1a3c12,default,ksolver-vram-iter2-long-gpt-fp16-ckpt0-b1-s2048,ksolver-vram-iter2-long-gpt-fp16-ckpt0-b1-s2048-8s4wg,data/raw/1783303205-iter2-long-gpt-fp16-ckpt0-b1-s2048.log,1783303205
1,iter2-long-gpt-fp16-ckpt1-b1-s2048,True,False,,pytorch,2.5.1+cu124,hf-trainer-style,,,transformer,gpt,fp16,2.0,1,2048,,1024,8,16,adamw,True,1,rtx-4090,1,cpu_to_gpu,8,0.1,0,166337792,166.337792,16.777216,2048.0,40,40,3.3753416538238525,11.850652201291936,rtx-4090,NVIDIA GeForce RTX 4090,24563,23.99,3741,0.15230224321133412,False,1729,2178,77,247.9,52,23,pytorch/pytorch:2.5.1-cuda12.4-cudnn9-runtime,docker.io/pytorch/pytorch@sha256:c8268a92a69bd500f8be0e665b2630ee006dadaf7bfbc24249141b15ff622755,c58a06825d783e8ea75ea2083fbefb114569892e959ea3666f59be643967eb7c,823c6ed9bf269644d353a979c5865330cb468022ecdef850c85d5d039a92827f,default,ksolver-vram-iter2-long-gpt-fp16-ckpt1-b1-s2048,ksolver-vram-iter2-long-gpt-fp16-ckpt1-b1-s2048-4pzsp,data/raw/1783303214-iter2-long-gpt-fp16-ckpt1-b1-s2048.log,1783303214
1,iter2-pressure-gpt-fp16-pad18g,True,False,,pytorch,2.5.1+cu124,hf-trainer-style,,,transformer,gpt,fp16,2.0,2,1024,,1536,10,16,adamw,False,1,rtx-4090,1,cpu_to_gpu,8,0.1,18432,381651200,381.6512,31.45728,2048.0,12,12,7.38224458694458,3.2510437330190523,rtx-4090,NVIDIA GeForce RTX 4090,24563,23.99,23817,0.9696291169645401,True,22229,22798,97,177.71,50,38,pytorch/pytorch:2.5.1-cuda12.4-cudnn9-runtime,docker.io/pytorch/pytorch@sha256:c8268a92a69bd500f8be0e665b2630ee006dadaf7bfbc24249141b15ff622755,c58a06825d783e8ea75ea2083fbefb114569892e959ea3666f59be643967eb7c,9e0c664a6e5f9138ccb3a4909a62868d9ff4c19e5716e55ce4462e5cf904b95a,default,ksolver-vram-iter2-pressure-gpt-fp16-pad18g,ksolver-vram-iter2-pressure-gpt-fp16-pad18g-5lp9w,data/raw/1783303227-iter2-pressure-gpt-fp16-pad18g.log,1783303227
1,iter2-pressure-gpt-fp16-pad19g,True,False,,pytorch,2.5.1+cu124,hf-trainer-style,,,transformer,gpt,fp16,2.0,2,1024,,1536,10,16,adamw,False,1,rtx-4090,1,cpu_to_gpu,8,0.1,19456,381651200,381.6512,31.45728,2048.0,12,12,5.471170902252197,4.386629558605169,rtx-4090,NVIDIA GeForce RTX 4090,24563,23.99,24069,0.9798884501078858,True,23253,23822,97,185.67,51,33,pytorch/pytorch:2.5.1-cuda12.4-cudnn9-runtime,docker.io/pytorch/pytorch@sha256:c8268a92a69bd500f8be0e665b2630ee006dadaf7bfbc24249141b15ff622755,c58a06825d783e8ea75ea2083fbefb114569892e959ea3666f59be643967eb7c,9069d897d2cc8adf3e41369bcd5b45dac4c22f7332ca26ce74e0ed2edb83cc11,default,ksolver-vram-iter2-pressure-gpt-fp16-pad19g,ksolver-vram-iter2-pressure-gpt-fp16-pad19g-zxxf2,data/raw/1783303239-iter2-pressure-gpt-fp16-pad19g.log,1783303239
1,iter2-pressure-gpt-fp16-pad20g,True,False,,pytorch,2.5.1+cu124,hf-trainer-style,,,transformer,gpt,fp16,2.0,2,1024,,1536,10,16,adamw,False,1,rtx-4090,1,cpu_to_gpu,8,0.1,20480,381651200,381.6512,31.45728,2048.0,12,12,59.06567740440369,0.4063273470255784,rtx-4090,NVIDIA GeForce RTX 4090,24563,23.99,24089,0.9807026828970402,True,24277,24846,100,110.07,47,397,pytorch/pytorch:2.5.1-cuda12.4-cudnn9-runtime,docker.io/pytorch/pytorch@sha256:c8268a92a69bd500f8be0e665b2630ee006dadaf7bfbc24249141b15ff622755,c58a06825d783e8ea75ea2083fbefb114569892e959ea3666f59be643967eb7c,8e807cc99a94ac8fb93ec59f244b1040db90ab32ef5a929b57ed4c9902ee2f30,default,ksolver-vram-iter2-pressure-gpt-fp16-pad20g,ksolver-vram-iter2-pressure-gpt-fp16-pad20g-b5kv6,data/raw/1783303304-iter2-pressure-gpt-fp16-pad20g.log,1783303304
1,iter2-pressure-gpt-fp16-pad21g,True,False,,pytorch,2.5.1+cu124,hf-trainer-style,,,transformer,gpt,fp16,2.0,2,1024,,1536,10,16,adamw,False,1,rtx-4090,1,cpu_to_gpu,8,0.1,21504,381651200,381.6512,31.45728,2048.0,12,12,69.25920414924622,0.3465243399026439,rtx-4090,NVIDIA GeForce RTX 4090,24563,23.99,24095,0.9809469527337866,True,25301,25870,100,112.63,52,463,pytorch/pytorch:2.5.1-cuda12.4-cudnn9-runtime,docker.io/pytorch/pytorch@sha256:c8268a92a69bd500f8be0e665b2630ee006dadaf7bfbc24249141b15ff622755,c58a06825d783e8ea75ea2083fbefb114569892e959ea3666f59be643967eb7c,e3a1608b01780a0a59c89f8b627ab4c09e896447947030ccf60630534e52b0cf,default,ksolver-vram-iter2-pressure-gpt-fp16-pad21g,ksolver-vram-iter2-pressure-gpt-fp16-pad21g-9r29w,data/raw/1783303381-iter2-pressure-gpt-fp16-pad21g.log,1783303381
1,iter2-pressure-gpt-fp16-pad22g,True,False,,pytorch,2.5.1+cu124,hf-trainer-style,,,transformer,gpt,fp16,2.0,2,1024,,1536,10,16,adamw,False,1,rtx-4090,1,cpu_to_gpu,8,0.1,22528,381651200,381.6512,31.45728,2048.0,12,12,121.22255825996399,0.1979829525502305,rtx-4090,NVIDIA GeForce RTX 4090,24563,23.99,24083,0.9804584130602939,True,26325,26894,100,110.38,50,796,pytorch/pytorch:2.5.1-cuda12.4-cudnn9-runtime,docker.io/pytorch/pytorch@sha256:c8268a92a69bd500f8be0e665b2630ee006dadaf7bfbc24249141b15ff622755,c58a06825d783e8ea75ea2083fbefb114569892e959ea3666f59be643967eb7c,2512a380b2b494ef9adffdf27a6e4d59e337cd49883a499febfc4ed622eb8025,default,ksolver-vram-iter2-pressure-gpt-fp16-pad22g,ksolver-vram-iter2-pressure-gpt-fp16-pad22g-vkb6d,data/raw/1783303508-iter2-pressure-gpt-fp16-pad22g.log,1783303508
1,smoke-mlp,True,False,,pytorch,2.5.1+cu124,synthetic,False,False,mlp,mlp,fp32,4.0,64,256,,1024,4,,adamw,False,1,unknown,1,gpu_synthetic,0,0.2,0,2624768,2.624768,67.108864,16384.0,4,4,1.8451118469238281,138.74497658600123,rtx-4090,NVIDIA GeForce RTX 4090,24563,23.99,1207,0.0491389488254692,False,66,94,13,70.17,50,7,pytorch/pytorch:2.5.1-cuda12.4-cudnn9-runtime,docker.io/pytorch/pytorch@sha256:c8268a92a69bd500f8be0e665b2630ee006dadaf7bfbc24249141b15ff622755,6d284711b97d2c23a4b97115dcaf0f5fcda441b1305e777340bedf8ffa3d027e,0f0e2ef75bcd345a5cdebd97b4d693206d51e030a16c713ef0050bb7a2e64908,vram-probe,ksolver-vram-smoke-mlp,ksolver-vram-smoke-mlp-zj25z,data/raw/1783391633-smoke-mlp.log,1783391633
1,cov-xf-fp32-b4-s512-h1024-l10,True,False,,pytorch,2.5.1+cu124,synthetic,False,False,transformer,transformer,fp32,4.0,4,512,,1024,10,16,adamw,False,1,unknown,1,gpu_synthetic,0,0.2,0,191530240,191.53024,20.97152,2048.0,3,3,2.2246391773223877,5.394133180034794,rtx-4090,NVIDIA GeForce RTX 4090,24563,23.99,5183,0.21100842730936775,False,4581,4980,43,96.07,51,9,pytorch/pytorch:2.5.1-cuda12.4-cudnn9-runtime,docker.io/pytorch/pytorch@sha256:c8268a92a69bd500f8be0e665b2630ee006dadaf7bfbc24249141b15ff622755,6d284711b97d2c23a4b97115dcaf0f5fcda441b1305e777340bedf8ffa3d027e,ec42c143bf5492a9a57aad20b4a8e227b304c87381d7e429448adde1a903a804,vram-probe,ksolver-vram-cov-xf-fp32-b4-s512-h1024-l10,ksolver-vram-cov-xf-fp32-b4-s512-h1024-l10-scqmd,data/raw/1783391910-cov-xf-fp32-b4-s512-h1024-l10.log,1783391910
1,cov-xf-fp32-b3-s1024-h1280-l12,True,False,,pytorch,2.5.1+cu124,synthetic,False,False,transformer,transformer,fp32,4.0,3,1024,,1280,12,20,adamw,False,1,unknown,1,gpu_synthetic,0,0.2,0,318081280,318.08128,47.18592,3072.0,3,3,3.39760422706604,2.6489253599062774,rtx-4090,NVIDIA GeForce RTX 4090,24563,23.99,10511,0.42792004234010506,False,8308,9398,92,234.1,60,14,pytorch/pytorch:2.5.1-cuda12.4-cudnn9-runtime,docker.io/pytorch/pytorch@sha256:c8268a92a69bd500f8be0e665b2630ee006dadaf7bfbc24249141b15ff622755,6d284711b97d2c23a4b97115dcaf0f5fcda441b1305e777340bedf8ffa3d027e,2659d6d84a030b7760a3ba819dbc618f4a02e879c53b9abd3f0946018f7e65bd,vram-probe,ksolver-vram-cov-xf-fp32-b3-s1024-h1280-l12,ksolver-vram-cov-xf-fp32-b3-s1024-h1280-l12-r897s,data/raw/1783391919-cov-xf-fp32-b3-s1024-h1280-l12.log,1783391919
1,cov-xf-fp32-b1-s2048-h1536-l12,True,False,,pytorch,2.5.1+cu124,synthetic,False,False,transformer,transformer,fp32,4.0,1,2048,,1536,12,16,adamw,False,1,unknown,1,gpu_synthetic,0,0.2,0,438314240,438.31424,37.748736,2048.0,3,3,4.7439124584198,0.6323894098583982,rtx-4090,NVIDIA GeForce RTX 4090,24563,23.99,11095,0.4516956397834141,False,8671,9982,99,257.21,64,17,pytorch/pytorch:2.5.1-cuda12.4-cudnn9-runtime,docker.io/pytorch/pytorch@sha256:c8268a92a69bd500f8be0e665b2630ee006dadaf7bfbc24249141b15ff622755,6d284711b97d2c23a4b97115dcaf0f5fcda441b1305e777340bedf8ffa3d027e,1b88d07214c5e55e118ef577d8ffcef9a72acf05b287d7d1592c4175cb5e9ea0,vram-probe,ksolver-vram-cov-xf-fp32-b1-s2048-h1536-l12,ksolver-vram-cov-xf-fp32-b1-s2048-h1536-l12-g72mf,data/raw/1783391930-cov-xf-fp32-b1-s2048-h1536-l12.log,1783391930
1,cov-xf-fp32-b8-s384-h768-l8,True,False,,pytorch,2.5.1+cu124,synthetic,False,False,transformer,transformer,fp32,4.0,8,384,,768,8,12,adamw,False,1,unknown,1,gpu_synthetic,0,0.2,0,105886976,105.886976,18.874368,3072.0,3,3,1.7810192108154297,13.475430166197777,rtx-4090,NVIDIA GeForce RTX 4090,24563,23.99,5481,0.2231404958677686,False,3983,4368,32,95.75,48,7,pytorch/pytorch:2.5.1-cuda12.4-cudnn9-runtime,docker.io/pytorch/pytorch@sha256:c8268a92a69bd500f8be0e665b2630ee006dadaf7bfbc24249141b15ff622755,6d284711b97d2c23a4b97115dcaf0f5fcda441b1305e777340bedf8ffa3d027e,a395bf614612f0d57254c4f2564c57fbd8d853197e8af4f4f224871e8bf2b4c1,vram-probe,ksolver-vram-cov-xf-fp32-b8-s384-h768-l8,ksolver-vram-cov-xf-fp32-b8-s384-h768-l8-7jh99,data/raw/1783391936-cov-xf-fp32-b8-s384-h768-l8.log,1783391936
1,cov-xf-fp16-b4-s512-h1024-l10,True,False,,pytorch,2.5.1+cu124,synthetic,False,False,transformer,transformer,fp16,2.0,4,512,,1024,10,16,adamw,False,1,unknown,1,gpu_synthetic,0,0.2,0,191530240,191.53024,20.97152,2048.0,3,3,1.9774739742279053,6.068347880373667,rtx-4090,NVIDIA GeForce RTX 4090,24563,23.99,3573,0.145462687782437,False,2262,2454,10,83.79,48,8,pytorch/pytorch:2.5.1-cuda12.4-cudnn9-runtime,docker.io/pytorch/pytorch@sha256:c8268a92a69bd500f8be0e665b2630ee006dadaf7bfbc24249141b15ff622755,6d284711b97d2c23a4b97115dcaf0f5fcda441b1305e777340bedf8ffa3d027e,90d4d8da5f5e7a20fe1a7cf1953228deeb7927acb58b07a54e494a7094d0bcd5,vram-probe,ksolver-vram-cov-xf-fp16-b4-s512-h1024-l10,ksolver-vram-cov-xf-fp16-b4-s512-h1024-l10-7z27j,data/raw/1783391946-cov-xf-fp16-b4-s512-h1024-l10.log,1783391946
1,cov-xf-fp16-b3-s1024-h1280-l12,True,False,,pytorch,2.5.1+cu124,synthetic,False,False,transformer,transformer,fp16,2.0,3,1024,,1280,12,20,adamw,False,1,unknown,1,gpu_synthetic,0,0.2,0,318081280,318.08128,47.18592,3072.0,3,3,2.2487094402313232,4.002295645218697,rtx-4090,NVIDIA GeForce RTX 4090,24563,23.99,4635,0.18869844888653667,False,4044,4458,11,81.5,47,9,pytorch/pytorch:2.5.1-cuda12.4-cudnn9-runtime,docker.io/pytorch/pytorch@sha256:c8268a92a69bd500f8be0e665b2630ee006dadaf7bfbc24249141b15ff622755,6d284711b97d2c23a4b97115dcaf0f5fcda441b1305e777340bedf8ffa3d027e,3d7939bbfe0fb2fc40337c5869b2f34f6b16454aeb2373ae2ec9ac697031210f,vram-probe,ksolver-vram-cov-xf-fp16-b3-s1024-h1280-l12,ksolver-vram-cov-xf-fp16-b3-s1024-h1280-l12-62tmm,data/raw/1783391955-cov-xf-fp16-b3-s1024-h1280-l12.log,1783391955
1,cov-xf-fp16-b1-s2048-h1536-l12,True,False,,pytorch,2.5.1+cu124,synthetic,False,False,transformer,transformer,fp16,2.0,1,2048,,1536,12,16,adamw,False,1,unknown,1,gpu_synthetic,0,0.2,0,438314240,438.31424,37.748736,2048.0,3,3,3.0044989585876465,0.9985025927285522,rtx-4090,NVIDIA GeForce RTX 4090,24563,23.99,6103,0.24846313561047104,False,4340,4984,53,103.81,46,12,pytorch/pytorch:2.5.1-cuda12.4-cudnn9-runtime,docker.io/pytorch/pytorch@sha256:c8268a92a69bd500f8be0e665b2630ee006dadaf7bfbc24249141b15ff622755,6d284711b97d2c23a4b97115dcaf0f5fcda441b1305e777340bedf8ffa3d027e,ae1c6b487d499feb3c4d5b669eb49c5ff135d478c4c992d7542a23fe6aa1558f,vram-probe,ksolver-vram-cov-xf-fp16-b1-s2048-h1536-l12,ksolver-vram-cov-xf-fp16-b1-s2048-h1536-l12-qpsn6,data/raw/1783391965-cov-xf-fp16-b1-s2048-h1536-l12.log,1783391965
1,cov-xf-fp16-b8-s384-h768-l8,True,False,,pytorch,2.5.1+cu124,synthetic,False,False,transformer,transformer,fp16,2.0,8,384,,768,8,12,adamw,False,1,unknown,1,gpu_synthetic,0,0.2,0,105886976,105.886976,18.874368,3072.0,3,3,1.4365153312683105,16.707096316758566,rtx-4090,NVIDIA GeForce RTX 4090,24563,23.99,1363,0.05548996458087367,False,1969,2160,15,60.37,45,6,pytorch/pytorch:2.5.1-cuda12.4-cudnn9-runtime,docker.io/pytorch/pytorch@sha256:c8268a92a69bd500f8be0e665b2630ee006dadaf7bfbc24249141b15ff622755,6d284711b97d2c23a4b97115dcaf0f5fcda441b1305e777340bedf8ffa3d027e,18970cdc0336363ac7cbabeffab7cc538506548b3d6d5913488d302fe1ce2fd8,vram-probe,ksolver-vram-cov-xf-fp16-b8-s384-h768-l8,ksolver-vram-cov-xf-fp16-b8-s384-h768-l8-b48tc,data/raw/1783391973-cov-xf-fp16-b8-s384-h768-l8.log,1783391973
1,cov-xf-bf16-b4-s512-h1024-l10,True,False,,pytorch,2.5.1+cu124,synthetic,False,False,transformer,transformer,bf16,2.0,4,512,,1024,10,16,adamw,False,1,unknown,1,gpu_synthetic,0,0.2,0,191530240,191.53024,20.97152,2048.0,3,3,1.7462339401245117,6.871931488826958,rtx-4090,NVIDIA GeForce RTX 4090,24563,23.99,1589,0.06469079509831861,False,2262,2454,10,66.19,45,7,pytorch/pytorch:2.5.1-cuda12.4-cudnn9-runtime,docker.io/pytorch/pytorch@sha256:c8268a92a69bd500f8be0e665b2630ee006dadaf7bfbc24249141b15ff622755,6d284711b97d2c23a4b97115dcaf0f5fcda441b1305e777340bedf8ffa3d027e,60d22315a59208b357f60cd8063335123dec974748b659f1c063f25956118cd4,vram-probe,ksolver-vram-cov-xf-bf16-b4-s512-h1024-l10,ksolver-vram-cov-xf-bf16-b4-s512-h1024-l10-7crcm,data/raw/1783391982-cov-xf-bf16-b4-s512-h1024-l10.log,1783391982
1,cov-xf-bf16-b3-s1024-h1280-l12,True,False,,pytorch,2.5.1+cu124,synthetic,False,False,transformer,transformer,bf16,2.0,3,1024,,1280,12,20,adamw,False,1,unknown,1,gpu_synthetic,0,0.2,0,318081280,318.08128,47.18592,3072.0,3,3,2.2387020587921143,4.0201865918933075,rtx-4090,NVIDIA GeForce RTX 4090,24563,23.99,4109,0.16728412653177543,False,4044,4458,16,74.6,45,9,pytorch/pytorch:2.5.1-cuda12.4-cudnn9-runtime,docker.io/pytorch/pytorch@sha256:c8268a92a69bd500f8be0e665b2630ee006dadaf7bfbc24249141b15ff622755,6d284711b97d2c23a4b97115dcaf0f5fcda441b1305e777340bedf8ffa3d027e,d9454faef427b5c7bde3f4ce11443359c159803c368913ec417a2720ef06e38f,vram-probe,ksolver-vram-cov-xf-bf16-b3-s1024-h1280-l12,ksolver-vram-cov-xf-bf16-b3-s1024-h1280-l12-flxxl,data/raw/1783391989-cov-xf-bf16-b3-s1024-h1280-l12.log,1783391990
1,cov-xf-bf16-b1-s2048-h1536-l12,True,False,,pytorch,2.5.1+cu124,synthetic,False,False,transformer,transformer,bf16,2.0,1,2048,,1536,12,16,adamw,False,1,unknown,1,gpu_synthetic,0,0.2,0,438314240,438.31424,37.748736,2048.0,3,3,2.7571117877960205,1.0880951629451845,rtx-4090,NVIDIA GeForce RTX 4090,24563,23.99,4259,0.17339087245043358,False,4340,4984,27,76.06,45,11,pytorch/pytorch:2.5.1-cuda12.4-cudnn9-runtime,docker.io/pytorch/pytorch@sha256:c8268a92a69bd500f8be0e665b2630ee006dadaf7bfbc24249141b15ff622755,6d284711b97d2c23a4b97115dcaf0f5fcda441b1305e777340bedf8ffa3d027e,75c3e45aca3a550b0ba38359ffeb9241f02aa43921c0cfa3c4a49ba88cb6363e,vram-probe,ksolver-vram-cov-xf-bf16-b1-s2048-h1536-l12,ksolver-vram-cov-xf-bf16-b1-s2048-h1536-l12-nhzff,data/raw/1783391997-cov-xf-bf16-b1-s2048-h1536-l12.log,1783391997
1,cov-xf-bf16-b8-s384-h768-l8,True,False,,pytorch,2.5.1+cu124,synthetic,False,False,transformer,transformer,bf16,2.0,8,384,,768,8,12,adamw,False,1,unknown,1,gpu_synthetic,0,0.2,0,105886976,105.886976,18.874368,3072.0,3,3,1.4301817417144775,16.78108403987119,rtx-4090,NVIDIA GeForce RTX 4090,24563,23.99,1365,0.055571387859789115,False,1969,2160,15,61.01,44,6,pytorch/pytorch:2.5.1-cuda12.4-cudnn9-runtime,docker.io/pytorch/pytorch@sha256:c8268a92a69bd500f8be0e665b2630ee006dadaf7bfbc24249141b15ff622755,6d284711b97d2c23a4b97115dcaf0f5fcda441b1305e777340bedf8ffa3d027e,c470ac2eb2a1954023f041523b20fad19f2566eb3f8f56068b05f22bdd4062b8,vram-probe,ksolver-vram-cov-xf-bf16-b8-s384-h768-l8,ksolver-vram-cov-xf-bf16-b8-s384-h768-l8-hd2sd,data/raw/1783392004-cov-xf-bf16-b8-s384-h768-l8.log,1783392004
1,cov-cnn-fp32-b48-i192-h160-l10,True,False,,pytorch,2.5.1+cu124,synthetic,False,False,cnn,cnn,fp32,4.0,48,,192,160,10,,sgd,False,1,unknown,1,gpu_synthetic,0,0.2,0,54140,0.05414,17.69472,1769472.0,3,3,1.6287846565246582,88.40947722779582,rtx-4090,NVIDIA GeForce RTX 4090,24563,23.99,2909,0.11843015918251028,False,1668,1792,48,98.33,44,6,pytorch/pytorch:2.5.1-cuda12.4-cudnn9-runtime,docker.io/pytorch/pytorch@sha256:c8268a92a69bd500f8be0e665b2630ee006dadaf7bfbc24249141b15ff622755,6d284711b97d2c23a4b97115dcaf0f5fcda441b1305e777340bedf8ffa3d027e,f1326e43207cb0bfa25f05d60f22a3eafd14e3e4636205d1d7d510b1f7eff77c,vram-probe,ksolver-vram-cov-cnn-fp32-b48-i192-h160-l10,ksolver-vram-cov-cnn-fp32-b48-i192-h160-l10-2mz5x,data/raw/1783392012-cov-cnn-fp32-b48-i192-h160-l10.log,1783392012
1,cov-cnn-fp32-b16-i320-h192-l14,True,False,,pytorch,2.5.1+cu124,synthetic,False,False,cnn,cnn,fp32,4.0,16,,320,192,14,,sgd,False,1,unknown,1,gpu_synthetic,0,0.2,0,93376,0.093376,22.9376,1638400.0,3,3,1.2803678512573242,37.489226203909986,rtx-4090,NVIDIA GeForce RTX 4090,24563,23.99,3377,0.1374832064487237,False,2435,2572,7,70.84,44,5,pytorch/pytorch:2.5.1-cuda12.4-cudnn9-runtime,docker.io/pytorch/pytorch@sha256:c8268a92a69bd500f8be0e665b2630ee006dadaf7bfbc24249141b15ff622755,6d284711b97d2c23a4b97115dcaf0f5fcda441b1305e777340bedf8ffa3d027e,af69c8f2578582e941d1707f19482345bb8ace621b74bd190d8f53601f88cb71,vram-probe,ksolver-vram-cov-cnn-fp32-b16-i320-h192-l14,ksolver-vram-cov-cnn-fp32-b16-i320-h192-l14-gzh7t,data/raw/1783392019-cov-cnn-fp32-b16-i320-h192-l14.log,1783392019
1,cov-cnn-fp32-b96-i128-h96-l8,True,False,,pytorch,2.5.1+cu124,synthetic,False,False,cnn,cnn,fp32,4.0,96,,128,96,8,,sgd,False,1,unknown,1,gpu_synthetic,0,0.2,0,33688,0.033688,12.582912,1572864.0,3,3,1.259873867034912,228.59431212570686,rtx-4090,NVIDIA GeForce RTX 4090,24563,23.99,2389,0.09726010666449537,False,1091,1272,13,71.29,44,5,pytorch/pytorch:2.5.1-cuda12.4-cudnn9-runtime,docker.io/pytorch/pytorch@sha256:c8268a92a69bd500f8be0e665b2630ee006dadaf7bfbc24249141b15ff622755,6d284711b97d2c23a4b97115dcaf0f5fcda441b1305e777340bedf8ffa3d027e,01fac71620113709d4a5cce71132f463646a61a85c0b83d16e67ba70fd0081e4,vram-probe,ksolver-vram-cov-cnn-fp32-b96-i128-h96-l8,ksolver-vram-cov-cnn-fp32-b96-i128-h96-l8-6nfh6,data/raw/1783392026-cov-cnn-fp32-b96-i128-h96-l8.log,1783392026
1,cov-cnn-fp32-b6-i448-h224-l16,True,False,,pytorch,2.5.1+cu124,synthetic,False,False,cnn,cnn,fp32,4.0,6,,448,224,16,,sgd,False,1,unknown,1,gpu_synthetic,0,0.2,0,136044,0.136044,19.267584,1204224.0,3,3,1.315462589263916,13.683399396460322,rtx-4090,NVIDIA GeForce RTX 4090,24563,23.99,3863,0.1572690632251761,False,2475,2746,42,83.11,46,5,pytorch/pytorch:2.5.1-cuda12.4-cudnn9-runtime,docker.io/pytorch/pytorch@sha256:c8268a92a69bd500f8be0e665b2630ee006dadaf7bfbc24249141b15ff622755,6d284711b97d2c23a4b97115dcaf0f5fcda441b1305e777340bedf8ffa3d027e,80bfe12c652e063178a223a7c9be80e3d1d830cbf25f7eca35ffc2e56e02bba2,vram-probe,ksolver-vram-cov-cnn-fp32-b6-i448-h224-l16,ksolver-vram-cov-cnn-fp32-b6-i448-h224-l16-j6rxx,data/raw/1783392034-cov-cnn-fp32-b6-i448-h224-l16.log,1783392034
1,cov-cnn-fp16-b48-i192-h160-l10,True,False,,pytorch,2.5.1+cu124,synthetic,False,False,cnn,cnn,fp16,2.0,48,,192,160,10,,sgd,False,1,unknown,1,gpu_synthetic,0,0.2,0,54140,0.05414,17.69472,1769472.0,3,3,1.3139500617980957,109.59320615498957,rtx-4090,NVIDIA GeForce RTX 4090,24563,23.99,1975,0.0804054879289989,False,937,1016,12,66.64,43,5,pytorch/pytorch:2.5.1-cuda12.4-cudnn9-runtime,docker.io/pytorch/pytorch@sha256:c8268a92a69bd500f8be0e665b2630ee006dadaf7bfbc24249141b15ff622755,6d284711b97d2c23a4b97115dcaf0f5fcda441b1305e777340bedf8ffa3d027e,fa324f9e728782ca670fbcf77818f573967795d5fcf7a82c3229c20cf81ec953,vram-probe,ksolver-vram-cov-cnn-fp16-b48-i192-h160-l10,ksolver-vram-cov-cnn-fp16-b48-i192-h160-l10-78m9r,data/raw/1783392042-cov-cnn-fp16-b48-i192-h160-l10.log,1783392042
1,cov-cnn-fp16-b16-i320-h192-l14,True,False,,pytorch,2.5.1+cu124,synthetic,False,False,cnn,cnn,fp16,2.0,16,,320,192,14,,sgd,False,1,unknown,1,gpu_synthetic,0,0.2,0,93376,0.093376,22.9376,1638400.0,3,3,1.276827335357666,37.593180119811734,rtx-4090,NVIDIA GeForce RTX 4090,24563,23.99,2535,0.10320400602532263,False,1317,1410,16,64.46,44,5,pytorch/pytorch:2.5.1-cuda12.4-cudnn9-runtime,docker.io/pytorch/pytorch@sha256:c8268a92a69bd500f8be0e665b2630ee006dadaf7bfbc24249141b15ff622755,6d284711b97d2c23a4b97115dcaf0f5fcda441b1305e777340bedf8ffa3d027e,fe14c5bafa4164b274db9766584646f908f7a51b75cc5f980d342b3a93bc4ebd,vram-probe,ksolver-vram-cov-cnn-fp16-b16-i320-h192-l14,ksolver-vram-cov-cnn-fp16-b16-i320-h192-l14-ltvwp,data/raw/1783392049-cov-cnn-fp16-b16-i320-h192-l14.log,1783392049
1,cov-cnn-fp16-b96-i128-h96-l8,True,False,,pytorch,2.5.1+cu124,synthetic,False,False,cnn,cnn,fp16,2.0,96,,128,96,8,,sgd,False,1,unknown,1,gpu_synthetic,0,0.2,0,33688,0.033688,12.582912,1572864.0,3,3,1.1147096157073975,258.3632507890716,rtx-4090,NVIDIA GeForce RTX 4090,24563,23.99,1633,0.06648210723445833,False,555,626,11,39.53,44,4,pytorch/pytorch:2.5.1-cuda12.4-cudnn9-runtime,docker.io/pytorch/pytorch@sha256:c8268a92a69bd500f8be0e665b2630ee006dadaf7bfbc24249141b15ff622755,6d284711b97d2c23a4b97115dcaf0f5fcda441b1305e777340bedf8ffa3d027e,5f2a91c708223d72881159f6430076c23c3ea99847ce0993fbb6765f316f7416,vram-probe,ksolver-vram-cov-cnn-fp16-b96-i128-h96-l8,ksolver-vram-cov-cnn-fp16-b96-i128-h96-l8-mtqh6,data/raw/1783392056-cov-cnn-fp16-b96-i128-h96-l8.log,1783392056
1,cov-cnn-fp16-b6-i448-h224-l16,True,False,,pytorch,2.5.1+cu124,synthetic,False,False,cnn,cnn,fp16,2.0,6,,448,224,16,,sgd,False,1,unknown,1,gpu_synthetic,0,0.2,0,136044,0.136044,19.267584,1204224.0,3,3,1.310868263244629,13.731356921745014,rtx-4090,NVIDIA GeForce RTX 4090,24563,23.99,2345,0.09546879452835566,False,1266,1522,11,68.88,44,5,pytorch/pytorch:2.5.1-cuda12.4-cudnn9-runtime,docker.io/pytorch/pytorch@sha256:c8268a92a69bd500f8be0e665b2630ee006dadaf7bfbc24249141b15ff622755,6d284711b97d2c23a4b97115dcaf0f5fcda441b1305e777340bedf8ffa3d027e,2dc09ac93aae0f489906cd33bfe81974fe7cd987608d34164147e2003dcde8ed,vram-probe,ksolver-vram-cov-cnn-fp16-b6-i448-h224-l16,ksolver-vram-cov-cnn-fp16-b6-i448-h224-l16-j95qt,data/raw/1783392064-cov-cnn-fp16-b6-i448-h224-l16.log,1783392064
1,cov-cnn-bf16-b48-i192-h160-l10,True,False,,pytorch,2.5.1+cu124,synthetic,False,False,cnn,cnn,bf16,2.0,48,,192,160,10,,sgd,False,1,unknown,1,gpu_synthetic,0,0.2,0,54140,0.05414,17.69472,1769472.0,3,3,1.5206503868103027,94.69632286883022,rtx-4090,NVIDIA GeForce RTX 4090,24563,23.99,2281,0.09286324960306151,False,932,1156,17,75.81,45,6,pytorch/pytorch:2.5.1-cuda12.4-cudnn9-runtime,docker.io/pytorch/pytorch@sha256:c8268a92a69bd500f8be0e665b2630ee006dadaf7bfbc24249141b15ff622755,6d284711b97d2c23a4b97115dcaf0f5fcda441b1305e777340bedf8ffa3d027e,bf8cd2820d5870b80017ff1120063ed5ad681c0b41ddd19655cc1850e14157de,vram-probe,ksolver-vram-cov-cnn-bf16-b48-i192-h160-l10,ksolver-vram-cov-cnn-bf16-b48-i192-h160-l10-vwgsl,data/raw/1783392072-cov-cnn-bf16-b48-i192-h160-l10.log,1783392072
1,cov-cnn-bf16-b16-i320-h192-l14,True,False,,pytorch,2.5.1+cu124,synthetic,False,False,cnn,cnn,bf16,2.0,16,,320,192,14,,sgd,False,1,unknown,1,gpu_synthetic,0,0.2,0,93376,0.093376,22.9376,1638400.0,3,3,1.4370455741882324,33.401863421843494,rtx-4090,NVIDIA GeForce RTX 4090,24563,23.99,2535,0.10320400602532263,False,1317,1410,16,71.99,45,6,pytorch/pytorch:2.5.1-cuda12.4-cudnn9-runtime,docker.io/pytorch/pytorch@sha256:c8268a92a69bd500f8be0e665b2630ee006dadaf7bfbc24249141b15ff622755,6d284711b97d2c23a4b97115dcaf0f5fcda441b1305e777340bedf8ffa3d027e,44d0298260e01d589a45df1f75fcca41e50b4f8b2a6e9910030d419f514df0dd,vram-probe,ksolver-vram-cov-cnn-bf16-b16-i320-h192-l14,ksolver-vram-cov-cnn-bf16-b16-i320-h192-l14-mff7x,data/raw/1783392080-cov-cnn-bf16-b16-i320-h192-l14.log,1783392080
1,cov-cnn-bf16-b96-i128-h96-l8,True,False,,pytorch,2.5.1+cu124,synthetic,False,False,cnn,cnn,bf16,2.0,96,,128,96,8,,sgd,False,1,unknown,1,gpu_synthetic,0,0.2,0,33688,0.033688,12.582912,1572864.0,3,3,1.2127711772918701,237.47266210853297,rtx-4090,NVIDIA GeForce RTX 4090,24563,23.99,1639,0.06672637707120466,False,555,626,10,60.27,45,5,pytorch/pytorch:2.5.1-cuda12.4-cudnn9-runtime,docker.io/pytorch/pytorch@sha256:c8268a92a69bd500f8be0e665b2630ee006dadaf7bfbc24249141b15ff622755,6d284711b97d2c23a4b97115dcaf0f5fcda441b1305e777340bedf8ffa3d027e,275a3cc8ee3d909b8922d3ffe55f4ba518f1daed7be0700d32eef88a4a537e4e,vram-probe,ksolver-vram-cov-cnn-bf16-b96-i128-h96-l8,ksolver-vram-cov-cnn-bf16-b96-i128-h96-l8-xrls7,data/raw/1783392088-cov-cnn-bf16-b96-i128-h96-l8.log,1783392088
1,cov-cnn-bf16-b6-i448-h224-l16,True,False,,pytorch,2.5.1+cu124,synthetic,False,False,cnn,cnn,bf16,2.0,6,,448,224,16,,sgd,False,1,unknown,1,gpu_synthetic,0,0.2,0,136044,0.136044,19.267584,1204224.0,3,3,1.5109586715698242,11.912966475316454,rtx-4090,NVIDIA GeForce RTX 4090,24563,23.99,2647,0.10776370964458738,False,1266,1522,16,97.31,46,6,pytorch/pytorch:2.5.1-cuda12.4-cudnn9-runtime,docker.io/pytorch/pytorch@sha256:c8268a92a69bd500f8be0e665b2630ee006dadaf7bfbc24249141b15ff622755,6d284711b97d2c23a4b97115dcaf0f5fcda441b1305e777340bedf8ffa3d027e,40ed149d944958b65d9efe2b94aa15244cd0a07ea28b25e24142a40a011d435f,vram-probe,ksolver-vram-cov-cnn-bf16-b6-i448-h224-l16,ksolver-vram-cov-cnn-bf16-b6-i448-h224-l16-8xghp,data/raw/1783392096-cov-cnn-bf16-b6-i448-h224-l16.log,1783392096
1,cov-mlp-fp32-b256-h4096-l6,True,False,,pytorch,2.5.1+cu124,synthetic,False,False,mlp,mlp,fp32,4.0,256,512,,4096,6,,adamw,False,1,unknown,1,gpu_synthetic,0,0.2,0,71324160,71.32416,3221.225472,131072.0,3,3,1.4917359352111816,514.8364277296008,rtx-4090,NVIDIA GeForce RTX 4090,24563,23.99,2589,0.10540243455603956,False,1378,1468,5,62.13,46,6,pytorch/pytorch:2.5.1-cuda12.4-cudnn9-runtime,docker.io/pytorch/pytorch@sha256:c8268a92a69bd500f8be0e665b2630ee006dadaf7bfbc24249141b15ff622755,6d284711b97d2c23a4b97115dcaf0f5fcda441b1305e777340bedf8ffa3d027e,e5d8d66394feef41b60564ae1f5b24fdc0856d1b7569d75af5523a2ff2cc00c3,vram-probe,ksolver-vram-cov-mlp-fp32-b256-h4096-l6,ksolver-vram-cov-mlp-fp32-b256-h4096-l6-8twdk,data/raw/1783392104-cov-mlp-fp32-b256-h4096-l6.log,1783392104
1,cov-mlp-fp32-b512-h2048-l8,True,False,,pytorch,2.5.1+cu124,synthetic,False,False,mlp,mlp,fp32,4.0,512,512,,2048,8,,adamw,False,1,unknown,1,gpu_synthetic,0,0.2,0,27277824,27.277824,4294.967296,262144.0,3,3,1.3087477684020996,1173.6409696998844,rtx-4090,NVIDIA GeForce RTX 4090,24563,23.99,1689,0.0687619590440907,False,540,568,13,58.91,46,5,pytorch/pytorch:2.5.1-cuda12.4-cudnn9-runtime,docker.io/pytorch/pytorch@sha256:c8268a92a69bd500f8be0e665b2630ee006dadaf7bfbc24249141b15ff622755,6d284711b97d2c23a4b97115dcaf0f5fcda441b1305e777340bedf8ffa3d027e,404dd638d7eef504a5af5ca80e30683252846f6639a5df697a7bc06ed744ac74,vram-probe,ksolver-vram-cov-mlp-fp32-b512-h2048-l8,ksolver-vram-cov-mlp-fp32-b512-h2048-l8-4dc5p,data/raw/1783392112-cov-mlp-fp32-b512-h2048-l8.log,1783392112
1,cov-mlp-fp32-b128-h8192-l4,True,False,,pytorch,2.5.1+cu124,synthetic,False,False,mlp,mlp,fp32,4.0,128,512,,8192,4,,adamw,False,1,unknown,1,gpu_synthetic,0,0.2,0,142631424,142.631424,2147.483648,65536.0,3,3,1.927614688873291,199.2099366209186,rtx-4090,NVIDIA GeForce RTX 4090,24563,23.99,3889,0.15832756585107682,False,2737,2768,51,67.21,47,8,pytorch/pytorch:2.5.1-cuda12.4-cudnn9-runtime,docker.io/pytorch/pytorch@sha256:c8268a92a69bd500f8be0e665b2630ee006dadaf7bfbc24249141b15ff622755,6d284711b97d2c23a4b97115dcaf0f5fcda441b1305e777340bedf8ffa3d027e,433e7d8473909c1bc8226a1340ed30c5c8e9477fab701599ba1832d065adbad5,vram-probe,ksolver-vram-cov-mlp-fp32-b128-h8192-l4,ksolver-vram-cov-mlp-fp32-b128-h8192-l4-thn92,data/raw/1783392120-cov-mlp-fp32-b128-h8192-l4.log,1783392120
1,cov-mlp-fp32-b1024-h1024-l10,True,False,,pytorch,2.5.1+cu124,synthetic,False,False,mlp,mlp,fp32,4.0,1024,512,,1024,10,,adamw,False,1,unknown,1,gpu_synthetic,0,0.2,0,9446912,9.446912,5368.70912,524288.0,3,3,1.0355820655822754,2966.4476646500348,rtx-4090,NVIDIA GeForce RTX 4090,24563,23.99,1115,0.04539347799535887,False,218,242,9,39.17,46,4,pytorch/pytorch:2.5.1-cuda12.4-cudnn9-runtime,docker.io/pytorch/pytorch@sha256:c8268a92a69bd500f8be0e665b2630ee006dadaf7bfbc24249141b15ff622755,6d284711b97d2c23a4b97115dcaf0f5fcda441b1305e777340bedf8ffa3d027e,52978b7809e2cd93b72d4c2a3a89775d7ceffeb3e1619adc8801ac3d683aa437,vram-probe,ksolver-vram-cov-mlp-fp32-b1024-h1024-l10,ksolver-vram-cov-mlp-fp32-b1024-h1024-l10-qmnj4,data/raw/1783392127-cov-mlp-fp32-b1024-h1024-l10.log,1783392127
1,cov-mlp-fp16-b256-h4096-l6,True,False,,pytorch,2.5.1+cu124,synthetic,False,False,mlp,mlp,fp16,2.0,256,512,,4096,6,,adamw,False,1,unknown,1,gpu_synthetic,0,0.2,0,71324160,71.32416,3221.225472,131072.0,3,3,1.4666328430175781,523.6484397961864,rtx-4090,NVIDIA GeForce RTX 4090,24563,23.99,1319,0.05369865244473395,False,697,724,5,59.81,47,6,pytorch/pytorch:2.5.1-cuda12.4-cudnn9-runtime,docker.io/pytorch/pytorch@sha256:c8268a92a69bd500f8be0e665b2630ee006dadaf7bfbc24249141b15ff622755,6d284711b97d2c23a4b97115dcaf0f5fcda441b1305e777340bedf8ffa3d027e,99ef1457cc34ec1b2e48d9f8aaccda5e4bb599fd5d51c9bb0154dcc30e2b64d5,vram-probe,ksolver-vram-cov-mlp-fp16-b256-h4096-l6,ksolver-vram-cov-mlp-fp16-b256-h4096-l6-9hpk4,data/raw/1783392135-cov-mlp-fp16-b256-h4096-l6.log,1783392135
1,cov-mlp-fp16-b512-h2048-l8,True,False,,pytorch,2.5.1+cu124,synthetic,False,False,mlp,mlp,fp16,2.0,512,512,,2048,8,,adamw,False,1,unknown,1,gpu_synthetic,0,0.2,0,27277824,27.277824,4294.967296,262144.0,3,3,1.2861049175262451,1194.3038076196885,rtx-4090,NVIDIA GeForce RTX 4090,24563,23.99,1413,0.05752554655375972,False,279,348,14,57.83,47,5,pytorch/pytorch:2.5.1-cuda12.4-cudnn9-runtime,docker.io/pytorch/pytorch@sha256:c8268a92a69bd500f8be0e665b2630ee006dadaf7bfbc24249141b15ff622755,6d284711b97d2c23a4b97115dcaf0f5fcda441b1305e777340bedf8ffa3d027e,03adf09e63893a21b544f1423a0647f702a145b85f239246d5a910dd6f2bf9ab,vram-probe,ksolver-vram-cov-mlp-fp16-b512-h2048-l8,ksolver-vram-cov-mlp-fp16-b512-h2048-l8-rsj6f,data/raw/1783392142-cov-mlp-fp16-b512-h2048-l8.log,1783392142
1,cov-mlp-fp16-b128-h8192-l4,True,False,,pytorch,2.5.1+cu124,synthetic,False,False,mlp,mlp,fp16,2.0,128,512,,8192,4,,adamw,False,1,unknown,1,gpu_synthetic,0,0.2,0,142631424,142.631424,2147.483648,65536.0,3,3,1.9807136058807373,193.86952200454638,rtx-4090,NVIDIA GeForce RTX 4090,24563,23.99,2531,0.10304115946749176,False,1377,1404,15,66.0,47,8,pytorch/pytorch:2.5.1-cuda12.4-cudnn9-runtime,docker.io/pytorch/pytorch@sha256:c8268a92a69bd500f8be0e665b2630ee006dadaf7bfbc24249141b15ff622755,6d284711b97d2c23a4b97115dcaf0f5fcda441b1305e777340bedf8ffa3d027e,174a53aaf97c671389a666a4e5166b9faea2285e1e7619ab3fc6837690dd8bb3,vram-probe,ksolver-vram-cov-mlp-fp16-b128-h8192-l4,ksolver-vram-cov-mlp-fp16-b128-h8192-l4-vspbp,data/raw/1783392150-cov-mlp-fp16-b128-h8192-l4.log,1783392150
1,cov-mlp-fp16-b1024-h1024-l10,True,False,,pytorch,2.5.1+cu124,synthetic,False,False,mlp,mlp,fp16,2.0,1024,512,,1024,10,,adamw,False,1,unknown,1,gpu_synthetic,0,0.2,0,9446912,9.446912,5368.70912,524288.0,3,3,1.2164227962493896,2525.4377092174964,rtx-4090,NVIDIA GeForce RTX 4090,24563,23.99,1261,0.05133737735618613,False,123,134,8,39.2,47,5,pytorch/pytorch:2.5.1-cuda12.4-cudnn9-runtime,docker.io/pytorch/pytorch@sha256:c8268a92a69bd500f8be0e665b2630ee006dadaf7bfbc24249141b15ff622755,6d284711b97d2c23a4b97115dcaf0f5fcda441b1305e777340bedf8ffa3d027e,f100b826b6e05e1dc98247a01b3150ca570958bb5bc8dab41d6312d22020481b,vram-probe,ksolver-vram-cov-mlp-fp16-b1024-h1024-l10,ksolver-vram-cov-mlp-fp16-b1024-h1024-l10-lxzng,data/raw/1783392158-cov-mlp-fp16-b1024-h1024-l10.log,1783392159
1,cov-mlp-bf16-b256-h4096-l6,True,False,,pytorch,2.5.1+cu124,synthetic,False,False,mlp,mlp,bf16,2.0,256,512,,4096,6,,adamw,False,1,unknown,1,gpu_synthetic,0,0.2,0,71324160,71.32416,3221.225472,131072.0,3,3,1.5962507724761963,481.12741008020566,rtx-4090,NVIDIA GeForce RTX 4090,24563,23.99,1851,0.07535724463624151,False,697,724,12,64.44,47,6,pytorch/pytorch:2.5.1-cuda12.4-cudnn9-runtime,docker.io/pytorch/pytorch@sha256:c8268a92a69bd500f8be0e665b2630ee006dadaf7bfbc24249141b15ff622755,6d284711b97d2c23a4b97115dcaf0f5fcda441b1305e777340bedf8ffa3d027e,2631352d5ee8548b5990f4c20408ea5e4dbcfb11d6dff34ecfbf56265c017b7c,vram-probe,ksolver-vram-cov-mlp-bf16-b256-h4096-l6,ksolver-vram-cov-mlp-bf16-b256-h4096-l6-b6prh,data/raw/1783392166-cov-mlp-bf16-b256-h4096-l6.log,1783392166
1,cov-mlp-bf16-b512-h2048-l8,True,False,,pytorch,2.5.1+cu124,synthetic,False,False,mlp,mlp,bf16,2.0,512,512,,2048,8,,adamw,False,1,unknown,1,gpu_synthetic,0,0.2,0,27277824,27.277824,4294.967296,262144.0,3,3,1.271928310394287,1207.6152307073446,rtx-4090,NVIDIA GeForce RTX 4090,24563,23.99,1253,0.051011684240524366,False,279,348,15,56.85,48,5,pytorch/pytorch:2.5.1-cuda12.4-cudnn9-runtime,docker.io/pytorch/pytorch@sha256:c8268a92a69bd500f8be0e665b2630ee006dadaf7bfbc24249141b15ff622755,6d284711b97d2c23a4b97115dcaf0f5fcda441b1305e777340bedf8ffa3d027e,e2ae049e8520955f5be99bdd1f1f8af765278016245193ccebcadc73c1d77644,vram-probe,ksolver-vram-cov-mlp-bf16-b512-h2048-l8,ksolver-vram-cov-mlp-bf16-b512-h2048-l8-p2pdv,data/raw/1783392173-cov-mlp-bf16-b512-h2048-l8.log,1783392173
1,cov-mlp-bf16-b128-h8192-l4,True,False,,pytorch,2.5.1+cu124,synthetic,False,False,mlp,mlp,bf16,2.0,128,512,,8192,4,,adamw,False,1,unknown,1,gpu_synthetic,0,0.2,0,142631424,142.631424,2147.483648,65536.0,3,3,1.9368772506713867,198.25727204286832,rtx-4090,NVIDIA GeForce RTX 4090,24563,23.99,2531,0.10304115946749176,False,1377,1404,16,66.22,48,8,pytorch/pytorch:2.5.1-cuda12.4-cudnn9-runtime,docker.io/pytorch/pytorch@sha256:c8268a92a69bd500f8be0e665b2630ee006dadaf7bfbc24249141b15ff622755,6d284711b97d2c23a4b97115dcaf0f5fcda441b1305e777340bedf8ffa3d027e,78046b2fd330f719b04a716d9570ce781d36a47320e332b3591534ba8d75561e,vram-probe,ksolver-vram-cov-mlp-bf16-b128-h8192-l4,ksolver-vram-cov-mlp-bf16-b128-h8192-l4-gfgmn,data/raw/1783392181-cov-mlp-bf16-b128-h8192-l4.log,1783392181
1,cov-mlp-bf16-b1024-h1024-l10,True,False,,pytorch,2.5.1+cu124,synthetic,False,False,mlp,mlp,bf16,2.0,1024,512,,1024,10,,adamw,False,1,unknown,1,gpu_synthetic,0,0.2,0,9446912,9.446912,5368.70912,524288.0,3,3,1.1984210014343262,2563.372968533835,rtx-4090,NVIDIA GeForce RTX 4090,24563,23.99,1261,0.05133737735618613,False,123,134,14,36.81,48,5,pytorch/pytorch:2.5.1-cuda12.4-cudnn9-runtime,docker.io/pytorch/pytorch@sha256:c8268a92a69bd500f8be0e665b2630ee006dadaf7bfbc24249141b15ff622755,6d284711b97d2c23a4b97115dcaf0f5fcda441b1305e777340bedf8ffa3d027e,f7efc686d2e66239714950682e6121913d7ccb799b288e5ee7d24071b594979d,vram-probe,ksolver-vram-cov-mlp-bf16-b1024-h1024-l10,ksolver-vram-cov-mlp-bf16-b1024-h1024-l10-hb52k,data/raw/1783392189-cov-mlp-bf16-b1024-h1024-l10.log,1783392189
1,cov-transformer-ckpt-fp16,True,False,,pytorch,2.5.1+cu124,synthetic,False,False,transformer,transformer,fp16,2.0,4,1536,,1280,14,16,adamw,True,1,unknown,1,gpu_synthetic,0,0.2,0,357436160,357.43616,110.10048,6144.0,3,3,2.709866523742676,4.428262386675211,rtx-4090,NVIDIA GeForce RTX 4090,24563,23.99,6293,0.256198347107438,False,3804,5166,67,133.98,48,11,pytorch/pytorch:2.5.1-cuda12.4-cudnn9-runtime,docker.io/pytorch/pytorch@sha256:c8268a92a69bd500f8be0e665b2630ee006dadaf7bfbc24249141b15ff622755,6d284711b97d2c23a4b97115dcaf0f5fcda441b1305e777340bedf8ffa3d027e,dbc8061172f3d68b06eb3507bb87f5ce09c2d427bf175c7f1de8f8b2eb7550ef,vram-probe,ksolver-vram-cov-transformer-ckpt-fp16,ksolver-vram-cov-transformer-ckpt-fp16-j6629,data/raw/1783392198-cov-transformer-ckpt-fp16.log,1783392198
1,cov-cnn-ckpt-fp16,True,False,,pytorch,2.5.1+cu124,synthetic,False,False,cnn,cnn,fp16,2.0,16,,384,192,16,,adamw,True,1,unknown,1,gpu_synthetic,0,0.2,0,103792,0.103792,37.748736,2359296.0,3,3,1.4346082210540771,33.45861211134845,rtx-4090,NVIDIA GeForce RTX 4090,24563,23.99,3339,0.1359361641493303,False,2083,2206,25,84.11,48,6,pytorch/pytorch:2.5.1-cuda12.4-cudnn9-runtime,docker.io/pytorch/pytorch@sha256:c8268a92a69bd500f8be0e665b2630ee006dadaf7bfbc24249141b15ff622755,6d284711b97d2c23a4b97115dcaf0f5fcda441b1305e777340bedf8ffa3d027e,9c6f62177b5500cfa7423708fbe8baa6c421eff69540e59db2849f035866fecb,vram-probe,ksolver-vram-cov-cnn-ckpt-fp16,ksolver-vram-cov-cnn-ckpt-fp16-d2brr,data/raw/1783392205-cov-cnn-ckpt-fp16.log,1783392205
1,oom-pressure-xf-fp16-res22000,True,False,,pytorch,2.5.1+cu124,synthetic,False,False,transformer,transformer,fp16,2.0,2,1024,,1536,12,16,adamw,False,1,unknown,1,gpu_synthetic,0,0.2,22000,438314240,438.31424,37.748736,2048.0,2,2,23.373615741729736,0.17113312908873826,rtx-4090,NVIDIA GeForce RTX 4090,24563,23.99,24047,0.978992794039816,True,26340,27010,100,111.56,49,93,pytorch/pytorch:2.5.1-cuda12.4-cudnn9-runtime,docker.io/pytorch/pytorch@sha256:c8268a92a69bd500f8be0e665b2630ee006dadaf7bfbc24249141b15ff622755,6d284711b97d2c23a4b97115dcaf0f5fcda441b1305e777340bedf8ffa3d027e,681c34efda3e7b2efd9575f784834085c41a224ed44667c615328cd081cdb344,vram-probe,ksolver-vram-oom-pressure-xf-fp16-res22000,ksolver-vram-oom-pressure-xf-fp16-res22000-47vm9,data/raw/1783392235-oom-pressure-xf-fp16-res22000.log,1783392235
1,oom-pressure-xf-fp16-res24000,True,False,,pytorch,2.5.1+cu124,synthetic,False,False,transformer,transformer,fp16,2.0,2,1024,,1536,12,16,adamw,False,1,unknown,1,gpu_synthetic,0,0.2,24000,438314240,438.31424,37.748736,2048.0,2,2,41.791908502578735,0.09571230755717182,rtx-4090,NVIDIA GeForce RTX 4090,24563,23.99,24049,0.9790742173187315,True,28340,29010,100,108.43,48,165,pytorch/pytorch:2.5.1-cuda12.4-cudnn9-runtime,docker.io/pytorch/pytorch@sha256:c8268a92a69bd500f8be0e665b2630ee006dadaf7bfbc24249141b15ff622755,6d284711b97d2c23a4b97115dcaf0f5fcda441b1305e777340bedf8ffa3d027e,2956d9908a0ede4bd8f77253463cd41573857d65fdbdce13b03aa635dcb5a03c,vram-probe,ksolver-vram-oom-pressure-xf-fp16-res24000,ksolver-vram-oom-pressure-xf-fp16-res24000-nq2kh,data/raw/1783392285-oom-pressure-xf-fp16-res24000.log,1783392285
1,oom-pressure-xf-fp16-res26000,True,False,,pytorch,2.5.1+cu124,synthetic,False,False,transformer,transformer,fp16,2.0,2,1024,,1536,12,16,adamw,False,1,unknown,1,gpu_synthetic,0,0.2,26000,438314240,438.31424,37.748736,2048.0,2,2,44.43835091590881,0.09001234108730193,rtx-4090,NVIDIA GeForce RTX 4090,24563,23.99,24045,0.9789113707609005,True,30340,31010,100,109.25,47,180,pytorch/pytorch:2.5.1-cuda12.4-cudnn9-runtime,docker.io/pytorch/pytorch@sha256:c8268a92a69bd500f8be0e665b2630ee006dadaf7bfbc24249141b15ff622755,6d284711b97d2c23a4b97115dcaf0f5fcda441b1305e777340bedf8ffa3d027e,05d4d0f7032bc5c945441b51475679dc87d73d5bee16062711998c3e308085af,vram-probe,ksolver-vram-oom-pressure-xf-fp16-res26000,ksolver-vram-oom-pressure-xf-fp16-res26000-mq26q,data/raw/1783392338-oom-pressure-xf-fp16-res26000.log,1783392338
1,oom-pressure-xf-fp16-res28000,True,False,,pytorch,2.5.1+cu124,synthetic,False,False,transformer,transformer,fp16,2.0,2,1024,,1536,12,16,adamw,False,1,unknown,1,gpu_synthetic,0,0.2,28000,438314240,438.31424,37.748736,2048.0,2,2,45.448500871658325,0.0880117038688596,rtx-4090,NVIDIA GeForce RTX 4090,24563,23.99,24043,0.9788299474819852,True,32340,33010,100,106.77,51,181,pytorch/pytorch:2.5.1-cuda12.4-cudnn9-runtime,docker.io/pytorch/pytorch@sha256:c8268a92a69bd500f8be0e665b2630ee006dadaf7bfbc24249141b15ff622755,6d284711b97d2c23a4b97115dcaf0f5fcda441b1305e777340bedf8ffa3d027e,f030991d8375cff1b511516df3a3e0312409ee0a0b1d1357b00fdaa69fd411bc,vram-probe,ksolver-vram-oom-pressure-xf-fp16-res28000,ksolver-vram-oom-pressure-xf-fp16-res28000-qn2s8,data/raw/1783392391-oom-pressure-xf-fp16-res28000.log,1783392392
